Date,year,Quarter,Month,Product_id,Product_name,Category,Region,Sales_units,Sales_amount,Revenue,Cost,Expenses,Profit,Profit_margin,Customer_count,New_customers,Repeat_customer,Ave_order_value,Discount_Amount,profit,profit_margin
2023-10-20,2023,Q4,Oct,P1004,Headphones,Accessories,West,655,1381395,1387978,881630.4,125039.0,381308.6,27.47,2928,748,2180,474.04,6418,381308.6,27.472236591646265
2023-01-31,2023,Q1,Jan,P1005,Smartwatch,Accessories,North,115,198145,210100,140343.7,26984.45,42771.83,20.36,1326,453,873,158.45,5159,42771.84999999999,20.357853403141355
2024-01-22,2024,Q1,Jan,P1001,Mobile,Electronics,South,502,727900,740864,525566.7,105821.8,109475.6,14.78,1369,701,668,541.17,5340,109475.50000000004,14.776733651520393
2020-01-26,2020,Q1,Jan,P1005,Smartwatch,Accessories,North,623,734517,749502,518989.7,140614.6,89897.74,11.99,1325,414,911,565.66,1548,89897.69999999998,11.994324231289575
2024-05-27,2024,Q2,May,P1002,Laptop,Electronics,West,259,357679,376938,236734.3,68114.72,72088.95,19.12,1460,868,592,258.18,2165,72088.98000000001,19.124890565557205
2024-02-14,2024,Q1,Feb,P1004,Headphones,Accessories,East,442,407082,422925,251239.9,57825.63,113859.5,26.92,2722,768,1954,155.37,4789,113859.47,26.92190577525566
2023-04-30,2023,Q2,Apr,P1005,Smartwatch,Accessories,North,349,602723,616755,401347.8,69642.04,145765.1,23.63,1936,581,1355,318.57,3587,145765.16000000003,23.63420807289767
2024-03-01,2024,Q1,Mar,P1004,Headphones,Accessories,South,500,873500,893657,561850.5,164306.5,167499.9,18.74,2908,1136,1772,307.31,3335,167500.0,18.743209083574573
2020-11-02,2020,Q4,Nov,P1005,Smartwatch,Accessories,North,209,194161,200491,127989.4,40405.85,32095.73,16.01,1912,827,1085,104.86,2254,32095.750000000007,16.00857395095042
2022-11-10,2022,Q4,Nov,P1005,Smartwatch,Accessories,South,389,539154,548508,389248.1,47002.65,112257.2,20.47,1612,620,992,340.27,5396,112257.25000000003,20.465927570792044
2023-07-07,2023,Q3,Jul,P1002,Laptop,Electronics,West,701,1530984,1549795,1021211.0,231605.1,296979.2,19.16,2423,1007,1416,639.62,1994,296978.9,19.162463422581695
2022-09-10,2022,Q3,Sep,P1002,Laptop,Electronics,North,116,212512,230535,144945.0,20234.04,65355.96,28.35,1061,567,494,217.28,1150,65355.96,28.34969093630034
2023-01-31,2023,Q1,Jan,P1004,Headphones,Accessories,South,328,501512,512383,320740.8,98239.91,93402.33,18.23,1802,813,989,284.34,2393,93402.29000000001,18.228998620172803
2020-11-26,2020,Q4,Nov,P1003,Tablet,Electronics,West,223,251990,256255,163706.1,37991.69,54557.24,21.29,2199,679,1520,116.53,6652,54557.20999999999,21.29020311798794
2019-10-30,2019,Q4,Oct,P1002,Laptop,Electronics,South,295,435420,446025,258073.1,77204.99,110746.9,24.83,3728,2164,1564,119.64,2960,110746.90999999999,24.829753937559552
2020-04-04,2020,Q2,Apr,P1003,Tablet,Electronics,North,559,924027,946075,530573.8,95485.54,320015.7,33.83,3670,1582,2088,257.79,4186,320015.66,33.825612134344524
2019-03-07,2019,Q1,Mar,P1004,Headphones,Accessories,South,184,167624,183762,102286.7,39815.7,41659.56,22.67,2098,532,1566,87.59,6493,41659.600000000006,22.670410639849372
2024-11-10,2024,Q4,Nov,P1001,Mobile,Electronics,West,687,681504,687023,449062.0,138893.9,99067.12,14.42,709,390,319,969.0,4857,99067.1,14.419764694922879
2022-10-27,2022,Q4,Oct,P1001,Mobile,Electronics,West,601,1176157,1200968,811592.3,126774.0,262601.7,21.87,3859,1209,2650,311.21,3945,262601.69999999995,21.865836558509464
2023-12-16,2023,Q4,Dec,P1001,Mobile,Electronics,South,674,862720,882059,544070.1,188939.3,149049.6,16.9,3063,1750,1313,287.97,4580,149049.60000000003,16.897917259503053
2024-03-22,2024,Q1,Mar,P1005,Smartwatch,Accessories,North,351,600561,611138,364833.5,91825.3,154479.3,25.28,2319,621,1698,263.54,3313,154479.2,25.277302344151405
2024-06-08,2024,Q2,Jun,P1001,Mobile,Electronics,East,286,526812,550336,359152.1,66184.06,124999.8,22.71,1058,588,470,520.17,391,124999.84000000003,22.71336783346901
2022-08-22,2022,Q3,Aug,P1005,Smartwatch,Accessories,South,144,216720,226937,147717.5,19414.01,59805.54,26.35,1116,360,756,203.35,2897,59805.490000000005,26.353344760880777
2020-10-13,2020,Q4,Oct,P1005,Smartwatch,Accessories,North,238,427448,452140,317517.0,65433.08,69189.93,15.3,2501,634,1867,180.78,2804,69189.92,15.302764630424203
2024-12-27,2024,Q4,Dec,P1004,Headphones,Accessories,West,341,454894,477553,309798.1,57550.96,110203.9,23.08,3082,811,2271,154.95,2110,110203.94000000003,23.0767977585734
2022-12-28,2022,Q4,Dec,P1003,Tablet,Electronics,West,624,1128816,1150376,650826.0,193968.9,305581.1,26.56,1298,465,833,886.27,637,305581.1,26.56358442804787
2022-02-19,2022,Q1,Feb,P1001,Mobile,Electronics,South,763,1603826,1611092,895761.5,298845.6,416484.9,25.85,3306,1500,1806,487.32,1244,416484.9,25.851093544006176
2021-01-14,2021,Q1,Jan,P1003,Tablet,Electronics,East,747,1372239,1383435,800795.3,179405.1,403234.7,29.15,1788,995,793,773.73,1365,403234.6,29.147347002208267
2023-09-17,2023,Q3,Sep,P1003,Tablet,Electronics,North,749,718291,723650,428161.0,156002.9,139486.1,19.28,3908,2213,1695,185.17,3007,139486.1,19.275354107648727
2021-06-27,2021,Q2,Jun,P1001,Mobile,Electronics,West,578,862376,872305,486169.5,183475.1,202660.4,23.23,3040,1492,1548,286.94,3888,202660.4,23.232745427344792
2019-08-12,2019,Q3,Aug,P1003,Tablet,Electronics,North,298,508686,525926,303671.8,45958.47,176295.8,33.52,3734,1190,2544,140.85,6403,176295.73,33.52101436323742
2023-10-23,2023,Q4,Oct,P1002,Laptop,Electronics,North,274,568276,579090,341743.6,102957.1,134389.4,23.21,1253,751,502,462.16,6444,134389.30000000002,23.206979916765963
2019-03-05,2019,Q1,Mar,P1005,Smartwatch,Accessories,South,213,237282,248537,141313.1,44101.4,63122.46,25.4,1185,336,849,209.74,5320,63122.49999999999,25.397626912693077
2023-03-14,2023,Q1,Mar,P1002,Laptop,Electronics,East,722,714780,723021,404437.6,98096.09,220487.4,30.5,395,164,231,1830.43,4570,220487.31000000003,30.495284369333675
2022-01-12,2022,Q1,Jan,P1005,Smartwatch,Accessories,North,332,649060,668724,427402.6,57152.26,184169.2,27.54,2453,1255,1198,272.61,4951,184169.14,27.540381383051905
2021-06-10,2021,Q2,Jun,P1002,Laptop,Electronics,South,641,1223669,1242094,884330.9,183920.2,173843.0,14.0,2305,1176,1129,538.87,6213,173842.89999999997,13.995953607375927
2023-07-01,2023,Q3,Jul,P1003,Tablet,Electronics,East,373,587475,602644,407333.1,50596.7,144714.2,24.01,2138,755,1383,281.87,382,144714.2,24.013215098797964
2020-07-04,2020,Q3,Jul,P1003,Tablet,Electronics,East,726,887172,900675,619055.5,134739.2,146880.3,16.31,304,161,143,2962.75,835,146880.3,16.307802481472226
2023-12-21,2023,Q4,Dec,P1002,Laptop,Electronics,North,655,1130530,1152742,711000.5,228152.3,213589.2,18.53,3095,1071,2024,372.45,5763,213589.2,18.528794821391084
2022-12-03,2022,Q4,Dec,P1005,Smartwatch,Accessories,South,157,265801,280629,176810.6,60544.48,43273.95,15.42,2044,1199,845,137.29,743,43273.91999999999,15.420330756978071
2019-07-15,2019,Q3,Jul,P1003,Tablet,Electronics,East,442,612170,620795,423816.0,113092.3,83886.7,13.51,1395,696,699,445.01,5162,83886.7,13.512786024371975
2021-04-12,2021,Q2,Apr,P1001,Mobile,Electronics,West,102,196248,211876,127199.7,17815.35,66860.98,31.56,2298,877,1421,92.2,3488,66860.95000000001,31.55664162057053
2021-01-14,2021,Q1,Jan,P1004,Headphones,Accessories,West,233,291716,300555,193763.9,64280.15,42510.96,14.14,717,417,300,419.18,3591,42510.950000000004,14.144149989186673
2019-11-12,2019,Q4,Nov,P1002,Laptop,Electronics,East,539,913066,936613,542102.0,118486.1,276024.9,29.47,386,220,166,2426.46,3409,276024.9,29.47053905935536
2023-02-20,2023,Q1,Feb,P1002,Laptop,Electronics,West,534,899790,923472,550487.4,115335.4,257649.3,27.9,3781,1538,2243,244.24,852,257649.19999999998,27.900055442937088
2022-03-25,2022,Q1,Mar,P1001,Mobile,Electronics,North,411,739800,755093,456939.5,67851.25,230302.3,30.5,1176,383,793,642.09,6210,230302.25,30.49985233606986
2020-07-24,2020,Q3,Jul,P1004,Headphones,Accessories,North,176,210320,214643,141630.4,28787.77,44224.83,20.6,2982,1178,1804,71.98,1657,44224.83,20.603900430016353
2019-03-29,2019,Q1,Mar,P1005,Smartwatch,Accessories,East,69,148557,155821,99642.01,20479.52,35699.47,22.91,368,202,166,423.43,2992,35699.47,22.910564044640967
2024-12-21,2024,Q4,Dec,P1001,Mobile,Electronics,East,451,444235,457220,258381.5,61879.6,136958.9,29.95,1859,561,1298,245.95,6083,136958.9,29.954704518612484
2021-04-26,2021,Q2,Apr,P1005,Smartwatch,Accessories,North,554,762304,772037,437418.8,72703.21,261915.0,33.93,2943,798,2145,262.33,3541,261914.99,33.92518622812119
2023-11-06,2023,Q4,Nov,P1005,Smartwatch,Accessories,West,459,684369,698905,416740.1,113013.5,169151.4,24.2,2730,857,1873,256.01,4887,169151.40000000002,24.202345096973126
2024-09-05,2024,Q3,Sep,P1004,Headphones,Accessories,North,50,88650,99426,57204.1,14844.8,27377.1,27.54,1057,407,650,94.06,3149,27377.100000000002,27.5351517711665
2020-03-06,2020,Q1,Mar,P1004,Headphones,Accessories,East,545,1114525,1130110,788489.6,110830.2,230790.2,20.42,3845,1800,2045,293.92,2187,230790.2,20.42192352956792
2021-07-10,2021,Q3,Jul,P1002,Laptop,Electronics,East,440,783200,798213,549236.1,135248.9,113728.0,14.25,2322,1339,983,343.76,688,113728.00000000003,14.247826081509576
2020-08-15,2020,Q3,Aug,P1001,Mobile,Electronics,North,729,1316574,1325150,819543.6,168324.0,337282.4,25.45,2857,1332,1525,463.83,5861,337282.4,25.452394068596007
2019-10-17,2019,Q4,Oct,P1001,Mobile,Electronics,East,515,703490,716977,459760.9,140132.1,117084.0,16.33,1888,715,1173,379.75,2264,117083.99999999997,16.330230955804716
2022-10-20,2022,Q4,Oct,P1001,Mobile,Electronics,North,591,1107534,1131411,793936.1,102204.4,235270.5,20.79,585,303,282,1934.04,3118,235270.50000000003,20.79443279232746
2020-09-26,2020,Q3,Sep,P1003,Tablet,Electronics,East,70,86030,107653,74310.16,16100.18,17242.66,16.02,2810,1598,1212,38.31,1393,17242.659999999996,16.0168875925427
2023-08-15,2023,Q3,Aug,P1002,Laptop,Electronics,East,392,672280,692402,395944.6,125056.0,171401.4,24.75,3105,1047,2058,223.0,610,171401.40000000002,24.7546078723054
2019-11-18,2019,Q4,Nov,P1001,Mobile,Electronics,East,161,281750,298150,169705.2,47394.08,81050.72,27.18,2400,704,1696,124.23,5422,81050.71999999999,27.184544692268986
2020-10-27,2020,Q4,Oct,P1002,Laptop,Electronics,North,702,1272726,1287509,824358.3,233314.8,229835.9,17.85,3579,1971,1608,359.74,2662,229835.89999999997,17.851207253696867
2019-07-09,2019,Q3,Jul,P1001,Mobile,Electronics,West,648,1251288,1260566,700319.1,240806.8,319440.2,25.34,554,176,378,2275.39,2068,319440.10000000003,25.34100554830132
2021-07-14,2021,Q3,Jul,P1001,Mobile,Electronics,South,629,795685,800955,449709.8,112907.5,238337.8,29.76,453,254,199,1768.11,3667,238337.7,29.756690450774386
2021-08-18,2021,Q3,Aug,P1001,Mobile,Electronics,South,175,212975,223446,142141.0,28988.64,52316.35,23.41,2603,1514,1089,85.84,1397,52316.36,23.413424272531174
2020-09-25,2020,Q3,Sep,P1002,Laptop,Electronics,South,56,87080,95670,52621.51,18469.76,24578.73,25.69,3160,1443,1717,30.28,4217,24578.73,25.69115710253998
2021-01-28,2021,Q1,Jan,P1004,Headphones,Accessories,East,61,54961,79071,43911.97,9913.84,25245.19,31.93,1912,1072,840,41.36,3378,25245.19,31.92724260474763
2021-10-16,2021,Q4,Oct,P1003,Tablet,Electronics,South,84,135408,158792,99992.53,15060.2,43739.28,27.55,1024,276,748,155.07,2917,43739.270000000004,27.54500856466321
2022-11-12,2022,Q4,Nov,P1003,Tablet,Electronics,West,274,329896,342563,224471.3,40110.18,77981.56,22.76,3230,1155,2075,106.06,6044,77981.52000000002,22.76413973488089
2020-09-23,2020,Q3,Sep,P1005,Smartwatch,Accessories,North,614,1169056,1173907,760025.5,134538.2,279343.3,23.8,3795,1622,2173,309.33,1761,279343.3,23.79603324624523
2021-01-17,2021,Q1,Jan,P1001,Mobile,Electronics,West,578,768162,787283,517231.6,77191.24,192860.2,24.5,3944,2199,1745,199.62,1003,192860.16000000003,24.496929312585188
2022-03-01,2022,Q1,Feb,P1002,Laptop,Electronics,South,142,301040,315337,175272.1,56144.2,83920.75,26.61,1886,887,999,167.2,1832,83920.7,26.61302035600009
2023-09-10,2023,Q3,Sep,P1004,Headphones,Accessories,South,705,970080,980866,669917.8,155353.7,155594.6,15.86,3029,1520,1509,323.83,6688,155594.49999999994,15.8629721083206
2020-07-03,2020,Q3,Jul,P1001,Mobile,Electronics,West,101,98374,111460,61775.64,14213.77,35470.59,31.82,757,418,339,147.24,3825,35470.59,31.823604880674676
2023-05-08,2023,Q2,May,P1001,Mobile,Electronics,South,573,894453,909746,524897.8,153493.9,231354.3,25.43,3011,1070,1941,302.14,1600,231354.29999999996,25.430647675285183
2023-03-31,2023,Q1,Mar,P1001,Mobile,Electronics,West,574,1199660,1220825,699983.3,152694.6,368147.1,30.16,156,86,70,7825.8,338,368147.1,30.155599696926256
2019-05-22,2019,Q2,May,P1001,Mobile,Electronics,East,235,289285,303945,194152.4,53499.06,56293.53,18.52,2272,894,1378,133.78,468,56293.54000000001,18.520962674168025
2021-12-26,2021,Q4,Dec,P1001,Mobile,Electronics,North,719,921758,942801,561521.2,170500.3,210779.6,22.36,1106,584,522,852.44,4258,210779.50000000006,22.356732756965688
2023-12-23,2023,Q4,Dec,P1003,Tablet,Electronics,East,699,1049199,1057021,649875.4,208167.6,198977.9,18.82,940,258,682,1124.49,2433,198977.99999999997,18.82441313843339
2020-12-17,2020,Q4,Dec,P1004,Headphones,Accessories,West,534,626916,650147,458338.8,103859.0,87949.2,13.53,768,288,480,846.55,4795,87949.20000000001,13.527586838053548
2022-10-05,2022,Q4,Oct,P1001,Mobile,Electronics,South,200,320600,327323,196394.1,59627.59,71301.29,21.78,2057,853,1204,159.13,2912,71301.31,21.78316525267091
2021-12-16,2021,Q4,Dec,P1002,Laptop,Electronics,West,62,87296,95483,62624.7,16622.65,16235.65,17.0,3748,1877,1871,25.48,1780,16235.650000000001,17.00370746625054
2019-07-11,2019,Q3,Jul,P1005,Smartwatch,Accessories,North,376,468120,490747,333433.2,45106.62,112207.2,22.86,3358,1934,1424,146.14,6683,112207.18,22.864567689664938
2019-01-19,2019,Q1,Jan,P1004,Headphones,Accessories,North,142,305158,324018,204952.4,45025.11,74040.53,22.85,3287,1090,2197,98.58,6485,74040.49,22.850733601219687
2023-02-24,2023,Q1,Feb,P1005,Smartwatch,Accessories,South,174,356178,370812,215288.8,66116.27,89406.93,24.11,3689,1087,2602,100.52,2396,89406.93000000001,24.111120999320413
2024-12-29,2024,Q4,Dec,P1005,Smartwatch,Accessories,East,164,181712,200232,143943.6,39471.71,16816.74,8.4,359,195,164,557.75,927,16816.689999999995,8.398602620959684
2019-04-15,2019,Q2,Apr,P1005,Smartwatch,Accessories,South,188,329188,350129,244455.0,48840.6,56833.37,16.23,927,524,403,377.7,5029,56833.4,16.232131585786952
2019-01-28,2019,Q1,Jan,P1005,Smartwatch,Accessories,North,644,1373652,1385045,832267.5,252872.8,299904.7,21.65,709,382,327,1953.52,3914,299904.7,21.653065423867098
2020-05-19,2020,Q2,May,P1001,Mobile,Electronics,South,552,1000224,1010704,560938.9,103540.8,346224.3,34.26,3306,1152,2154,305.72,2298,346224.3,34.25575638366921
2023-07-10,2023,Q3,Jul,P1005,Smartwatch,Accessories,South,726,1431672,1447890,955142.1,191010.2,301737.7,20.84,1409,485,924,1027.6,1645,301737.7,20.839822085931946
2020-10-21,2020,Q4,Oct,P1004,Headphones,Accessories,West,342,702810,709514,465845.3,149583.1,94085.64,13.26,230,101,129,3084.84,2332,94085.6,13.260569911235015
2024-08-13,2024,Q3,Aug,P1001,Mobile,Electronics,South,290,634810,639622,372872.2,73740.43,193009.4,30.18,1754,1022,732,364.66,6404,193009.37,30.175536488738658
2024-03-19,2024,Q1,Mar,P1001,Mobile,Electronics,East,192,417984,438584,260466.6,76381.3,101736.1,23.2,272,123,149,1612.44,6643,101736.09999999999,23.196491436076098
2022-03-17,2022,Q1,Mar,P1004,Headphones,Accessories,South,221,463879,469551,307905.4,89050.64,72594.94,15.46,3819,1942,1877,122.95,1890,72594.95999999998,15.46050588753937
2024-10-31,2024,Q4,Oct,P1002,Laptop,Electronics,East,574,1202530,1209775,734712.4,205483.6,269579.0,22.28,3472,1842,1630,348.44,881,269579.0,22.283399805749003
2024-09-28,2024,Q3,Sep,P1005,Smartwatch,Accessories,North,378,466452,478193,343508.7,90761.33,43923.01,9.19,2998,1065,1933,159.5,6603,43922.96999999999,9.185197190255815
2019-01-30,2019,Q1,Jan,P1004,Headphones,Accessories,South,538,971628,976516,568357.9,127191.7,280966.4,28.77,2364,622,1742,413.08,1711,280966.39999999997,28.772329383235906
2020-08-09,2020,Q3,Aug,P1001,Mobile,Electronics,South,717,1269090,1276323,724049.2,159998.0,392275.9,30.73,408,207,201,3128.24,561,392275.80000000005,30.73483749803146
2022-07-23,2022,Q3,Jul,P1005,Smartwatch,Accessories,West,736,1084128,1099142,754223.5,166734.6,178183.9,16.21,3898,1040,2858,281.98,2969,178183.9,16.211181084882572
2022-07-07,2022,Q3,Jul,P1001,Mobile,Electronics,North,613,1327758,1333151,901169.3,185344.0,246637.8,18.5,270,93,177,4937.6,5180,246637.69999999995,18.500357423877713
2019-03-20,2019,Q1,Mar,P1005,Smartwatch,Accessories,West,295,424210,438895,246189.4,38263.83,154441.8,35.19,2924,1616,1308,150.1,3019,154441.77000000002,35.188774080360915
2020-05-14,2020,Q2,May,P1001,Mobile,Electronics,North,131,242743,251016,151994.5,39347.56,59673.93,23.77,947,441,506,265.06,703,59673.94,23.772962679669824
2023-06-12,2023,Q2,Jun,P1005,Smartwatch,Accessories,West,662,784470,800495,537928.8,172505.1,90061.13,11.25,1988,935,1053,402.66,1263,90061.09999999995,11.25067614413581
2019-09-07,2019,Q3,Sep,P1004,Headphones,Accessories,South,736,1568416,1577816,975000.6,152732.3,450083.1,28.53,1720,846,874,917.33,1888,450083.10000000003,28.52570261678168
2022-11-05,2022,Q4,Nov,P1004,Headphones,Accessories,South,456,585960,594885,406341.2,121512.5,67031.3,11.27,2852,1181,1671,208.59,3903,67031.29999999999,11.267942543516812
2022-10-23,2022,Q4,Oct,P1004,Headphones,Accessories,South,63,71694,96027,66207.63,16878.8,12940.57,13.48,1073,494,579,89.49,1252,12940.569999999996,13.475970300019782
2023-04-30,2023,Q2,Apr,P1001,Mobile,Electronics,West,130,190580,206708,145484.3,23123.59,38100.11,18.43,3613,1876,1737,57.21,602,38100.110000000015,18.431850726628877
2024-09-12,2024,Q3,Sep,P1001,Mobile,Electronics,South,453,823101,834344,520319.9,173813.9,140210.2,16.8,987,413,574,845.33,5686,140210.19999999998,16.804843086304928
2024-07-18,2024,Q3,Jul,P1004,Headphones,Accessories,South,172,178708,191972,108921.0,27006.92,56044.06,29.19,2387,849,1538,80.42,4181,56044.08,29.193882441189338
2019-12-27,2019,Q4,Dec,P1005,Smartwatch,Accessories,East,342,408348,418311,231815.0,38492.15,148003.8,35.38,1872,799,1073,223.46,6368,148003.85,35.38129525640014
2020-03-05,2020,Q1,Mar,P1005,Smartwatch,Accessories,South,328,374904,394457,268811.8,59237.01,66408.18,16.84,2607,1402,1205,151.31,2817,66408.19,16.83534326935509
2024-10-14,2024,Q4,Oct,P1003,Tablet,Electronics,South,388,568420,586116,365744.4,120330.3,100041.3,17.07,2846,1293,1553,205.94,5007,100041.29999999997,17.068515447454082
2020-11-19,2020,Q4,Nov,P1001,Mobile,Electronics,South,498,577680,589296,409868.0,64422.67,115005.4,19.52,1289,383,906,457.17,1708,115005.33,19.515715362059137
2019-10-12,2019,Q4,Oct,P1001,Mobile,Electronics,South,468,570492,582479,324160.2,58914.55,199404.3,34.23,927,247,680,628.35,1617,199404.25,34.2337234475406
2019-12-18,2019,Q4,Dec,P1004,Headphones,Accessories,West,621,814131,819641,485609.8,86556.35,247474.9,30.19,3881,1180,2701,211.19,2486,247474.85,30.19307843311889
2022-07-31,2022,Q3,Jul,P1005,Smartwatch,Accessories,West,740,856920,877396,589161.2,74913.9,213320.9,24.31,2342,880,1462,374.64,2782,213320.90000000005,24.31295560955373
2019-03-17,2019,Q1,Mar,P1001,Mobile,Electronics,West,703,634809,644872,357486.2,139197.1,148188.7,22.98,1032,346,686,624.88,5801,148188.69999999998,22.979552531355058
2020-10-25,2020,Q4,Oct,P1004,Headphones,Accessories,West,264,506352,516855,311584.3,57411.65,147859.0,28.61,2276,871,1405,227.09,1011,147859.05000000002,28.60745276721711
2020-09-06,2020,Q3,Sep,P1002,Laptop,Electronics,East,249,470112,481434,275277.2,55256.71,150900.1,31.34,1025,281,744,469.69,6294,150900.09,31.343878911751144
2021-01-08,2021,Q1,Jan,P1001,Mobile,Electronics,North,634,661896,681108,450287.5,145623.8,85196.77,12.51,1222,720,502,557.37,3647,85196.70000000001,12.508544900368227
2024-08-14,2024,Q3,Aug,P1003,Tablet,Electronics,North,516,645516,655941,451742.5,54478.42,149720.1,22.83,3247,1287,1960,202.01,6770,149720.08000000002,22.825235806269166
2023-01-28,2023,Q1,Jan,P1001,Mobile,Electronics,East,741,816582,829744,553558.2,174994.4,101191.4,12.2,3509,1960,1549,236.46,4320,101191.40000000005,12.195496442276179
2021-09-21,2021,Q3,Sep,P1002,Laptop,Electronics,South,305,669780,693859,451663.8,119079.1,123116.1,17.74,1396,665,731,497.03,2113,123116.1,17.743677029482935
2020-01-10,2020,Q1,Jan,P1004,Headphones,Accessories,South,386,783194,808031,516643.9,69396.11,221991.0,27.47,314,110,204,2573.35,611,221990.99,27.473078384368915
2019-06-01,2019,Q2,Jun,P1003,Tablet,Electronics,South,720,676800,686541,476085.4,80484.22,129971.4,18.93,2036,699,1337,337.2,3702,129971.37999999998,18.93133549198081
2022-04-05,2022,Q2,Apr,P1003,Tablet,Electronics,South,665,1163085,1173228,708430.7,99651.0,365146.3,31.12,947,363,584,1238.89,2330,365146.30000000005,31.123217311554107
2020-07-14,2020,Q3,Jul,P1003,Tablet,Electronics,South,464,893200,915363,637532.7,170112.4,107717.9,11.77,3961,2197,1764,231.09,6020,107717.90000000005,11.767779558492101
2020-12-08,2020,Q4,Dec,P1004,Headphones,Accessories,West,513,989064,1003846,657516.8,186370.8,159958.5,15.93,266,80,186,3773.86,4743,159958.39999999997,15.934555698782479
2020-03-09,2020,Q1,Mar,P1005,Smartwatch,Accessories,North,571,809678,818521,534912.0,96211.45,187397.6,22.89,2546,1421,1125,321.49,2996,187397.55,22.894653894035706
2023-11-15,2023,Q4,Nov,P1002,Laptop,Electronics,South,518,1118362,1138544,713071.6,242294.9,183177.6,16.09,3728,1025,2703,305.4,3395,183177.50000000003,16.088750193229252
2020-03-06,2020,Q1,Mar,P1001,Mobile,Electronics,North,494,631826,651724,426720.7,97810.68,127192.6,19.52,2309,628,1681,282.25,2484,127192.62,19.516332066948586
2020-06-19,2020,Q2,Jun,P1001,Mobile,Electronics,North,573,741462,761992,514075.4,117241.0,130675.6,17.15,2281,1268,1013,334.06,5308,130675.59999999998,17.149208915579166
2019-05-10,2019,Q2,May,P1003,Tablet,Electronics,North,633,1097622,1103734,645940.9,128507.6,329285.6,29.83,1993,827,1166,553.81,5088,329285.5,29.83377335481194
2019-04-26,2019,Q2,Apr,P1001,Mobile,Electronics,North,788,821884,841101,605260.3,118275.4,117565.3,13.98,1483,379,1104,567.16,725,117565.29999999996,13.977548475153394
2020-08-13,2020,Q3,Aug,P1005,Smartwatch,Accessories,East,270,371790,385864,212988.1,59076.94,113799.0,29.49,931,353,578,414.46,4226,113798.95999999999,29.491986814007003
2021-07-23,2021,Q3,Jul,P1003,Tablet,Electronics,North,719,886527,905522,609020.5,167834.6,128666.9,14.21,627,308,319,1444.21,4764,128666.9,14.20914124670632
2021-12-17,2021,Q4,Dec,P1001,Mobile,Electronics,North,657,646488,665283,472188.2,77759.13,115335.6,17.34,2360,730,1630,281.9,801,115335.66999999998,17.336332057184684
2020-10-24,2020,Q4,Oct,P1005,Smartwatch,Accessories,North,541,933766,944524,583868.1,190695.2,169960.7,17.99,881,484,397,1072.1,653,169960.7,17.994323066433466
2022-09-01,2022,Q3,Sep,P1002,Laptop,Electronics,East,356,737988,748994,445289.7,124060.4,179643.9,23.98,3117,1431,1686,240.29,3802,179643.9,23.984691466153265
2019-10-28,2019,Q4,Oct,P1005,Smartwatch,Accessories,East,87,161124,171456,108396.2,16304.76,46755.08,27.27,2187,724,1463,78.4,6200,46755.04,27.2694102276969
2021-11-12,2021,Q4,Nov,P1002,Laptop,Electronics,West,754,1060878,1072154,717714.6,100369.8,254069.5,23.7,2561,963,1598,418.65,6948,254069.60000000003,23.69711813787945
2019-06-02,2019,Q2,Jun,P1003,Tablet,Electronics,West,71,96418,107922,67696.43,18838.33,21387.24,19.82,3347,1372,1975,32.24,4204,21387.240000000005,19.81731250347474
2019-07-20,2019,Q3,Jul,P1003,Tablet,Electronics,East,324,332748,347339,241557.5,53613.99,52167.48,15.02,1063,620,443,326.75,4526,52167.51,15.019191625472523
2020-03-11,2020,Q1,Mar,P1005,Smartwatch,Accessories,East,218,458890,464716,333705.8,95671.06,35339.13,7.6,2818,1158,1660,164.91,4503,35339.140000000014,7.604459497843847
2024-07-26,2024,Q3,Jul,P1002,Laptop,Electronics,South,408,487152,494919,332135.4,82514.87,80268.75,16.22,2427,1212,1215,203.92,1614,80268.72999999998,16.21855899652266
2019-09-05,2019,Q3,Sep,P1004,Headphones,Accessories,West,732,1116300,1126824,780344.2,159799.4,186680.4,16.57,1583,798,785,711.83,3428,186680.40000000005,16.56695278055846
2024-10-22,2024,Q4,Oct,P1004,Headphones,Accessories,East,722,769652,787388,504438.5,166175.0,116774.5,14.83,3866,1104,2762,203.67,5397,116774.5,14.83061717984018
2020-09-24,2020,Q3,Sep,P1002,Laptop,Electronics,North,593,986752,1002604,640193.6,188468.4,173942.0,17.35,1214,531,683,825.87,5569,173942.00000000003,17.34902314373372
2020-03-17,2020,Q1,Mar,P1005,Smartwatch,Accessories,West,304,350208,359789,214897.6,61806.35,83085.07,23.09,699,274,425,514.72,5886,83085.04999999999,23.092715452668088
2022-09-28,2022,Q3,Sep,P1005,Smartwatch,Accessories,East,725,654675,677574,475306.0,127657.5,74610.46,11.01,273,147,126,2481.96,4723,74610.5,11.011417203139436
2021-10-17,2021,Q4,Oct,P1004,Headphones,Accessories,North,370,545380,553334,330611.4,120982.0,101740.7,18.39,2506,1407,1099,220.8,2444,101740.59999999998,18.386833268875574
2022-05-04,2022,Q2,May,P1005,Smartwatch,Accessories,South,427,467565,485460,344392.1,86424.13,54643.78,11.26,865,360,505,561.23,1106,54643.77000000002,11.25608083055247
2023-04-11,2023,Q2,Apr,P1004,Headphones,Accessories,East,92,188324,210135,120958.3,37491.57,51685.13,24.6,2087,675,1412,100.69,1433,51685.13,24.5961548528327
2022-08-03,2022,Q3,Aug,P1003,Tablet,Electronics,South,108,129492,153849,109789.2,30047.48,14012.31,9.11,1598,499,1099,96.28,6602,14012.320000000003,9.10783950496916
2021-03-28,2021,Q1,Mar,P1004,Headphones,Accessories,North,287,447720,458478,252716.5,56329.04,149432.5,32.59,1050,561,489,436.65,5863,149432.46,32.59315823223797
2023-10-26,2023,Q4,Oct,P1005,Smartwatch,Accessories,West,541,1040343,1051613,725999.0,100610.8,225003.2,21.4,272,134,138,3866.22,2642,225003.2,21.396007846993147
2024-08-17,2024,Q3,Aug,P1005,Smartwatch,Accessories,East,122,235826,260004,180252.4,38281.12,41470.47,15.95,447,155,292,581.66,5413,41470.48,15.94993923170413
2020-06-12,2020,Q2,Jun,P1003,Tablet,Electronics,North,550,603350,626146,417325.4,92859.92,115960.7,18.52,1704,752,952,367.46,3580,115960.67999999998,18.519750984594644
2024-10-21,2024,Q4,Oct,P1004,Headphones,Accessories,North,509,1047522,1064405,730204.1,202341.8,131859.1,12.39,241,144,97,4416.62,2815,131859.10000000003,12.388057177484137
2020-09-14,2020,Q3,Sep,P1004,Headphones,Accessories,West,255,347565,351594,223949.8,62457.36,65186.84,18.54,326,120,206,1078.51,5732,65186.84000000001,18.540373271443773
2019-10-27,2019,Q4,Oct,P1001,Mobile,Electronics,South,99,187902,197288,126101.2,26600.88,44585.92,22.6,2720,1289,1431,72.53,5067,44585.92,22.599407972101698
2021-05-21,2021,Q2,May,P1005,Smartwatch,Accessories,South,321,390015,414117,250064.6,77823.56,86228.89,20.82,1971,1119,852,210.11,6807,86228.84,20.822337648538937
2020-07-15,2020,Q3,Jul,P1003,Tablet,Electronics,North,101,174528,194538,135220.9,28819.96,30497.17,15.68,1960,1133,827,99.25,5391,30497.140000000007,15.67670069600798
2020-01-29,2020,Q1,Jan,P1001,Mobile,Electronics,North,407,392755,397542,274537.1,71309.76,51695.16,13.0,1841,485,1356,215.94,4202,51695.14000000003,13.003692691589826
2019-05-11,2019,Q2,May,P1005,Smartwatch,Accessories,South,694,814756,831221,593106.3,81485.01,156629.7,18.84,3960,1113,2847,209.9,343,156629.68999999994,18.843326864937236
2024-11-25,2024,Q4,Nov,P1004,Headphones,Accessories,North,290,537080,555003,352125.9,55890.43,146986.6,26.48,3361,1247,2114,165.13,3345,146986.66999999998,26.48394152824399
2022-10-23,2022,Q4,Oct,P1004,Headphones,Accessories,South,604,889692,901562,632510.3,108527.1,160524.6,17.81,2352,729,1623,383.32,891,160524.59999999995,17.805164813956218
2021-06-03,2021,Q2,Jun,P1002,Laptop,Electronics,North,86,119540,143390,93027.74,30436.72,19925.55,13.9,1342,343,999,106.85,2307,19925.539999999994,13.8960457493549
2020-05-24,2020,Q2,May,P1002,Laptop,Electronics,North,352,544192,553376,316099.8,47494.91,189781.3,34.3,1186,535,651,466.59,2480,189781.29,34.295179046434974
2020-12-31,2020,Q4,Dec,P1005,Smartwatch,Accessories,North,535,676240,686149,394421.6,134483.2,157244.2,22.92,2357,1013,1344,291.11,386,157244.2,22.91691746253365
2024-01-06,2024,Q1,Jan,P1003,Tablet,Electronics,South,193,348558,352762,239774.0,48408.96,64579.08,18.31,2202,1008,1194,160.2,3537,64579.04,18.306688362125172
2024-01-21,2024,Q1,Jan,P1001,Mobile,Electronics,East,377,567385,581891,362166.6,96140.46,123583.9,21.24,3279,1176,2103,177.46,1939,123583.94000000002,21.2383315775635
2019-09-06,2019,Q3,Sep,P1002,Laptop,Electronics,South,312,544128,564993,392835.3,114969.4,57188.27,10.12,1132,351,781,499.11,2264,57188.30000000002,10.12194841352017
2020-01-01,2020,Q1,Jan,P1004,Headphones,Accessories,West,465,1006260,1021015,594567.6,204361.5,222085.9,21.75,1861,1115,746,548.64,4179,222085.90000000002,21.751482593301766
2020-10-25,2020,Q4,Oct,P1001,Mobile,Electronics,North,795,1688580,1708026,1155415.0,209534.7,343076.8,20.09,2208,585,1623,773.56,6765,343076.3,20.086128665488697
2020-08-09,2020,Q3,Aug,P1005,Smartwatch,Accessories,West,752,781328,799778,575033.1,92798.52,131946.4,16.5,3510,1604,1906,227.86,2042,131946.38,16.49787566049579
2023-03-01,2023,Q1,Mar,P1005,Smartwatch,Accessories,West,262,545222,568986,385840.3,120121.4,63024.32,11.08,483,228,255,1178.02,5966,63024.30000000002,11.076599424238912
2021-07-10,2021,Q3,Jul,P1001,Mobile,Electronics,North,633,1314741,1332616,806127.0,127738.2,398750.8,29.92,1471,430,1041,905.93,5202,398750.8,29.922408255641535
2022-08-01,2022,Q3,Aug,P1005,Smartwatch,Accessories,North,541,813664,830904,553108.4,138827.2,138968.5,16.72,1183,526,657,702.37,5297,138968.39999999997,16.72496461685104
2023-01-08,2023,Q1,Jan,P1004,Headphones,Accessories,South,321,365298,383633,232568.4,30870.0,120194.6,31.33,2515,782,1733,152.54,3884,120194.6,31.33062067131868
2019-01-12,2019,Q1,Jan,P1003,Tablet,Electronics,South,411,492378,510569,301613.3,103512.7,105442.9,20.65,3480,1008,2472,146.72,3634,105443.00000000001,20.652056822878006
2024-02-06,2024,Q1,Feb,P1005,Smartwatch,Accessories,West,155,280550,291498,189345.7,34171.14,67981.18,23.32,3006,856,2150,96.97,3135,67981.15999999999,23.321312667668384
2020-08-13,2020,Q3,Aug,P1003,Tablet,Electronics,East,773,1411498,1431954,918259.5,184643.6,329050.8,22.98,2181,671,1510,656.56,5665,329050.9,22.979152961617483
2019-05-07,2019,Q2,May,P1003,Tablet,Electronics,West,420,827820,842275,584639.5,128206.4,129429.1,15.37,799,410,389,1054.16,667,129429.1,15.36660829301594
2023-08-20,2023,Q3,Aug,P1005,Smartwatch,Accessories,South,209,362615,382981,212269.2,62060.79,108651.0,28.37,1720,576,1144,222.66,3322,108651.00999999998,28.369817301641593
2022-05-01,2022,Q2,May,P1004,Headphones,Accessories,North,189,288414,303111,215020.6,25598.76,62491.63,20.62,3254,1623,1631,93.15,6574,62491.64,20.61675095921956
2021-06-03,2021,Q2,Jun,P1001,Mobile,Electronics,South,763,833196,838110,555451.1,177418.2,105240.7,12.56,2159,1040,1119,388.19,3124,105240.70000000001,12.556907804464808
2020-01-04,2020,Q1,Jan,P1005,Smartwatch,Accessories,North,101,105747,125448,80190.01,21883.1,23374.89,18.63,3435,1817,1618,36.52,1813,23374.890000000007,18.633130859001344
2024-02-14,2024,Q1,Feb,P1001,Mobile,Electronics,East,254,392176,396234,259505.9,75939.78,60788.36,15.34,438,254,184,904.64,2877,60788.32000000001,15.341520414704442
2019-03-31,2019,Q1,Mar,P1004,Headphones,Accessories,West,394,436158,443279,315328.3,80923.96,47026.79,10.61,269,77,192,1647.88,1179,47026.740000000005,10.60883551893954
2024-05-17,2024,Q2,May,P1001,Mobile,Electronics,East,41,46658,67859,46907.63,13926.48,7024.9,10.35,2947,1270,1677,23.03,4946,7024.890000000003,10.352186150694829
2022-04-28,2022,Q2,Apr,P1005,Smartwatch,Accessories,West,756,1554336,1566891,1062677.0,322588.8,181625.1,11.59,2832,776,2056,553.28,1661,181625.2,11.59143807705833
2022-01-02,2022,Q1,Jan,P1003,Tablet,Electronics,South,594,863676,874738,488675.3,96588.92,289473.8,33.09,2375,1130,1245,368.31,6835,289473.78,33.09262659219104
2024-11-04,2024,Q4,Nov,P1001,Mobile,Electronics,West,762,723138,734908,448676.6,157148.0,129083.5,17.56,3926,2256,1670,187.19,6914,129083.40000000002,17.564565904847957
2020-03-27,2020,Q1,Mar,P1004,Headphones,Accessories,South,375,781500,787394,556094.5,142142.6,89156.84,11.32,3214,1888,1326,244.99,5315,89156.9,11.32303522759889
2023-11-19,2023,Q4,Nov,P1005,Smartwatch,Accessories,East,395,691250,699735,499820.4,109100.8,90813.88,12.98,694,395,299,1008.26,3554,90813.79999999997,12.978313218575598
2024-11-26,2024,Q4,Nov,P1002,Laptop,Electronics,East,662,1047946,1054741,620026.1,120164.1,314550.9,29.82,2655,885,1770,397.27,6402,314550.80000000005,29.822563074726403
2019-08-17,2019,Q3,Aug,P1005,Smartwatch,Accessories,West,368,350704,359095,225401.2,67739.76,65954.04,18.37,3231,928,2303,111.14,3707,65954.04,18.366738606775364
2021-10-04,2021,Q4,Oct,P1003,Tablet,Electronics,South,339,667830,677712,428308.9,117525.8,131877.3,19.46,1646,597,1049,411.73,3264,131877.3,19.459195056307102
2021-12-25,2021,Q4,Dec,P1004,Headphones,Accessories,West,249,309756,332181,200323.1,52306.14,79551.78,23.95,3004,953,2051,110.58,6579,79551.76,23.94831733302025
2021-04-08,2021,Q2,Apr,P1005,Smartwatch,Accessories,South,348,399156,409210,278194.2,89249.04,41766.8,10.21,729,319,410,561.33,2398,41766.759999999995,10.206681166149409
2023-04-24,2023,Q2,Apr,P1005,Smartwatch,Accessories,North,155,307520,326263,227463.6,36081.37,62718.07,19.22,470,138,332,694.18,3908,62718.02999999999,19.223151261405675
2021-12-08,2021,Q4,Dec,P1003,Tablet,Electronics,East,494,819546,838863,590479.4,73160.36,175223.2,20.89,579,313,266,1448.81,6532,175223.24,20.888183171745563
2020-09-10,2020,Q3,Sep,P1001,Mobile,Electronics,West,116,238844,254821,168004.2,35951.44,50865.37,19.96,2076,1148,928,122.75,541,50865.359999999986,19.96121198802296
2020-09-01,2020,Q3,Sep,P1002,Laptop,Electronics,South,204,259896,280817,177667.0,52480.64,50669.33,18.04,3360,1826,1534,83.58,3341,50669.36,18.043551494389583
2022-02-26,2022,Q1,Feb,P1002,Laptop,Electronics,East,300,627000,642954,460101.0,65729.13,117123.9,18.22,1902,995,907,338.04,5646,117123.87,18.21652404371075
2021-06-07,2021,Q2,Jun,P1003,Tablet,Electronics,South,136,282608,288693,165012.0,44337.33,79343.68,27.48,1109,545,564,260.32,1567,79343.67,27.483752636884162
2023-01-22,2023,Q1,Jan,P1002,Laptop,Electronics,North,99,123156,145598,81365.68,19305.47,44926.85,30.86,1954,499,1455,74.51,3408,44926.850000000006,30.85677687880328
2020-04-23,2020,Q2,Apr,P1001,Mobile,Electronics,South,634,777918,788231,559222.0,67401.22,161607.7,20.5,955,404,551,825.37,3320,161607.78,20.50259124545977
2021-07-04,2021,Q3,Jul,P1002,Laptop,Electronics,East,534,1008726,1033443,706497.9,130073.3,196871.9,19.05,3593,1881,1712,287.63,2799,196871.8,19.05008791002503
2022-05-16,2022,Q2,May,P1003,Tablet,Electronics,North,182,270816,280554,186740.8,60961.46,32851.76,11.71,3668,1369,2299,76.49,4089,32851.74000000001,11.709596013601665
2024-10-11,2024,Q4,Oct,P1002,Laptop,Electronics,South,433,752121,763667,546102.1,122223.9,95341.01,12.48,3800,1885,1915,200.97,2771,95341.00000000003,12.484630080912233
2020-08-28,2020,Q3,Aug,P1005,Smartwatch,Accessories,South,189,285579,298373,189300.4,52434.57,56638.01,18.98,3648,1534,2114,81.79,6928,56638.030000000006,18.982290622811046
2021-07-26,2021,Q3,Jul,P1003,Tablet,Electronics,South,695,1263510,1268467,847970.3,195473.1,225023.6,17.74,718,351,367,1766.67,2192,225023.59999999995,17.739807184577916
2022-11-16,2022,Q4,Nov,P1002,Laptop,Electronics,East,403,609336,614867,394568.2,112578.0,107720.8,17.52,2809,1320,1489,218.89,539,107720.79999999999,17.519365976707153
2021-02-10,2021,Q1,Feb,P1001,Mobile,Electronics,West,619,1082012,1092890,642840.4,160114.4,289935.3,26.53,3621,2063,1558,301.82,1858,289935.19999999995,26.529220690096896
2019-11-12,2019,Q4,Nov,P1005,Smartwatch,Accessories,North,728,1200472,1206125,748473.0,116842.9,340809.1,28.26,2915,955,1960,413.77,3133,340809.1,28.256532283138146
2022-05-21,2022,Q2,May,P1003,Tablet,Electronics,South,635,685165,702570,438053.0,127504.1,137013.0,19.5,3524,1510,2014,199.37,331,137012.9,19.501672431216818
2021-06-17,2021,Q2,Jun,P1003,Tablet,Electronics,South,389,645351,661215,381924.3,126123.2,153167.5,23.16,3163,1617,1546,209.05,2105,153167.5,23.16455313324713
2023-07-10,2023,Q3,Jul,P1001,Mobile,Electronics,South,111,177045,191309,117641.9,22823.0,50844.14,26.58,2056,904,1152,93.05,6195,50844.100000000006,26.576951424135824
2021-08-25,2021,Q3,Aug,P1002,Laptop,Electronics,East,206,286340,303479,171837.8,59775.83,71865.32,23.68,1800,901,899,168.6,6007,71865.37000000001,23.680508371254685
2020-01-27,2020,Q1,Jan,P1002,Laptop,Electronics,North,595,541450,551270,388319.4,62905.19,100045.5,18.15,2400,1016,1384,229.7,6651,100045.40999999997,18.14816877392203
2020-05-12,2020,Q2,May,P1002,Laptop,Electronics,East,111,154068,163049,113361.1,30462.54,19225.4,11.79,2816,1419,1397,57.9,6696,19225.359999999993,11.791154806223892
2022-06-23,2022,Q2,Jun,P1003,Tablet,Electronics,East,598,659594,676874,412709.5,130154.6,134009.9,19.8,1569,839,730,431.4,2365,134009.9,19.79835242600543
2019-01-25,2019,Q1,Jan,P1005,Smartwatch,Accessories,West,366,337086,352737,195860.7,43208.15,113668.2,32.22,2926,771,2155,120.55,3576,113668.15,32.224617774716
2022-09-01,2022,Q3,Sep,P1003,Tablet,Electronics,West,696,966744,973618,690128.7,192613.7,90875.59,9.33,2257,723,1534,431.38,3986,90875.60000000003,9.333804428430867
2019-03-11,2019,Q1,Mar,P1002,Laptop,Electronics,North,387,382743,395490,266426.9,37565.61,91497.54,23.14,1178,328,850,335.73,1431,91497.48999999998,23.135222129510222
2020-04-18,2020,Q2,Apr,P1001,Mobile,Electronics,South,231,432432,443821,283735.2,81835.04,78250.77,17.63,308,152,156,1440.98,1897,78250.76,17.63115310001104
2021-02-01,2021,Q1,Feb,P1003,Tablet,Electronics,South,367,591237,601481,341939.0,95975.21,163566.8,27.19,3741,1273,2468,160.78,4743,163566.78999999998,27.19400779076978
2021-11-13,2021,Q4,Nov,P1001,Mobile,Electronics,West,429,656799,677302,385191.4,122127.1,169983.5,25.1,2507,1002,1505,270.16,1298,169983.49999999997,25.097150163442596
2020-02-27,2020,Q1,Feb,P1004,Headphones,Accessories,East,269,545532,557354,338587.7,108462.5,110303.9,19.79,693,205,488,804.26,468,110303.79999999999,19.79061781201893
2021-08-10,2021,Q3,Aug,P1001,Mobile,Electronics,South,320,664320,679989,436235.1,143262.4,100491.5,14.78,1288,747,541,527.94,5759,100491.50000000003,14.778400827072208
2021-04-04,2021,Q2,Apr,P1001,Mobile,Electronics,South,280,539560,556563,313444.8,113636.4,129481.7,23.26,2337,1235,1102,238.15,6013,129481.80000000002,23.264536090253937
2024-05-07,2024,Q2,May,P1004,Headphones,Accessories,West,128,219776,227202,131031.0,22494.78,73676.27,32.43,1252,472,780,181.47,515,73676.22,32.42762827792009
2024-04-10,2024,Q2,Apr,P1001,Mobile,Electronics,East,682,946616,955254,652036.9,79955.59,223261.5,23.37,3278,1423,1855,291.41,6536,223261.50999999998,23.371952381251475
2020-12-06,2020,Q4,Dec,P1003,Tablet,Electronics,West,530,909480,917082,522205.9,83820.45,311055.7,33.92,1718,623,1095,533.81,3801,311055.64999999997,33.91797570991471
2022-01-12,2022,Q1,Jan,P1001,Mobile,Electronics,South,544,496672,510499,312050.4,75687.85,122760.8,24.05,3661,2185,1476,139.44,4159,122760.74999999997,24.047206752608716
2021-11-07,2021,Q4,Nov,P1002,Laptop,Electronics,East,785,1449110,1463530,878193.0,137282.4,448054.5,30.61,3975,1564,2411,368.18,1207,448054.6,30.614650878355754
2024-11-18,2024,Q4,Nov,P1004,Headphones,Accessories,North,114,152988,177489,121941.0,34686.26,20861.7,11.75,710,423,287,249.98,1082,20861.739999999998,11.75382136357746
2021-11-27,2021,Q4,Nov,P1004,Headphones,Accessories,South,119,231336,250207,148436.7,21006.75,80763.58,32.28,1038,509,529,241.05,376,80763.54999999999,32.27869324199562
2019-06-03,2019,Q2,Jun,P1003,Tablet,Electronics,West,41,40344,46504,30490.33,6415.88,9597.79,20.64,3478,891,2587,13.37,4492,9597.789999999997,20.638633235850673
2024-01-21,2024,Q1,Jan,P1005,Smartwatch,Accessories,West,420,704760,718103,420057.5,116316.8,181728.7,25.31,418,110,308,1717.95,4251,181728.7,25.306773540843032
2022-09-11,2022,Q3,Sep,P1004,Headphones,Accessories,South,95,150575,157784,104526.1,15014.1,38243.83,24.24,3169,1666,1503,49.79,6166,38243.799999999996,24.23807230137403
2023-03-12,2023,Q1,Mar,P1004,Headphones,Accessories,East,422,649458,673877,435200.1,79666.29,159010.6,23.6,3161,1633,1528,213.18,5009,159010.61000000004,23.596384800193515
2020-08-28,2020,Q3,Aug,P1001,Mobile,Electronics,East,324,708588,722934,473385.9,135975.5,113572.6,15.71,869,358,511,831.91,913,113572.59999999998,15.709954159024194
2021-02-26,2021,Q1,Feb,P1005,Smartwatch,Accessories,West,759,1442100,1460556,812695.6,202841.1,445019.3,30.47,446,139,307,3274.79,5042,445019.30000000005,30.46917064460384
2020-11-11,2020,Q4,Nov,P1004,Headphones,Accessories,South,158,232418,250637,163316.1,43021.24,44299.69,17.67,1142,328,814,219.47,2685,44299.659999999996,17.674828536888008
2024-12-20,2024,Q4,Dec,P1004,Headphones,Accessories,West,246,361128,370380,229506.7,45650.08,95223.23,25.71,3168,1146,2022,116.91,4574,95223.21999999999,25.70960095037529
2022-05-09,2022,Q2,May,P1002,Laptop,Electronics,South,355,439845,453615,312034.8,98155.92,43424.32,9.57,3151,1189,1962,143.96,4162,43424.28000000001,9.572937402863666
2020-10-03,2020,Q4,Oct,P1005,Smartwatch,Accessories,North,370,348170,354433,227359.8,32886.95,94186.27,26.57,1290,526,764,274.75,5258,94186.25000000001,26.57378122240311
2023-12-04,2023,Q4,Dec,P1005,Smartwatch,Accessories,West,474,599610,624390,389698.8,126326.0,108365.2,17.36,1565,503,1062,398.97,4722,108365.20000000001,17.355370841941735
2022-09-21,2022,Q3,Sep,P1003,Tablet,Electronics,West,588,800268,823857,468203.6,179315.9,176337.5,21.4,216,60,156,3814.15,1899,176337.50000000003,21.403896550008074
2024-07-15,2024,Q3,Jul,P1003,Tablet,Electronics,West,794,1108424,1126620,752524.9,228200.5,145894.6,12.95,3669,1060,2609,307.06,2894,145894.59999999998,12.94976123271378
2019-10-18,2019,Q4,Oct,P1001,Mobile,Electronics,North,314,382138,394312,267993.0,47162.34,79156.68,20.07,2073,884,1189,190.21,5087,79156.66,20.074626184341334
2019-04-05,2019,Q2,Apr,P1002,Laptop,Electronics,North,654,888132,906867,605242.9,176037.1,125587.1,13.85,1619,435,1184,560.14,1440,125586.99999999997,13.84844745701409
2022-10-24,2022,Q4,Oct,P1003,Tablet,Electronics,South,156,195624,217898,129706.0,23344.34,64847.67,29.76,3976,2163,1813,54.8,3828,64847.66,29.760557692131183
2020-06-28,2020,Q2,Jun,P1001,Mobile,Electronics,South,170,257040,276416,166653.4,32100.79,77661.8,28.1,3429,1856,1573,80.61,2940,77661.81,28.09598937832832
2019-11-30,2019,Q4,Nov,P1001,Mobile,Electronics,South,439,820930,840043,555974.6,85260.0,198808.4,23.67,1134,561,573,740.78,1607,198808.40000000002,23.666455169556798
2023-07-21,2023,Q3,Jul,P1003,Tablet,Electronics,West,148,197136,208809,146777.4,19790.9,42240.67,20.23,656,351,305,318.31,754,42240.700000000004,20.229348351843075
2019-04-17,2019,Q2,Apr,P1001,Mobile,Electronics,North,131,136371,145064,100635.5,17496.13,26932.37,18.57,2450,787,1663,59.21,5793,26932.37,18.565853692163458
2023-08-08,2023,Q3,Aug,P1003,Tablet,Electronics,East,712,1090784,1101567,699092.1,108740.9,293734.0,26.67,834,208,626,1320.82,1026,293734.0,26.665105254605486
2023-01-17,2023,Q1,Jan,P1005,Smartwatch,Accessories,East,264,549912,564122,401195.4,79892.43,83034.19,14.72,1434,801,633,393.39,424,83034.16999999998,14.71918662984248
2024-02-20,2024,Q1,Feb,P1004,Headphones,Accessories,North,529,949026,959872,667162.6,161267.2,131442.2,13.69,2468,641,1827,388.93,6449,131442.2,13.693721662888386
2020-12-14,2020,Q4,Dec,P1002,Laptop,Electronics,East,171,297711,321030,181467.7,59563.15,79999.19,24.92,3871,1232,2639,82.93,6320,79999.15,24.919524655016666
2024-12-08,2024,Q4,Dec,P1001,Mobile,Electronics,East,500,943500,949432,544370.1,101442.8,303619.2,31.98,292,80,212,3251.48,4489,303619.10000000003,31.97902535410646
2020-01-19,2020,Q1,Jan,P1003,Tablet,Electronics,West,611,720369,742113,441828.6,144291.3,155993.0,21.02,221,62,159,3357.98,649,155993.10000000003,21.02012766249884
2022-07-27,2022,Q3,Jul,P1003,Tablet,Electronics,West,760,1010800,1034984,649355.7,123020.1,262608.2,25.37,2456,938,1518,421.41,1664,262608.20000000007,25.373165189027088
2020-03-04,2020,Q1,Mar,P1003,Tablet,Electronics,North,756,698544,708665,444756.6,75027.17,188881.3,26.65,2535,764,1771,279.55,2953,188881.23000000004,26.653105487077823
2023-09-12,2023,Q3,Sep,P1003,Tablet,Electronics,East,556,904612,910505,514201.3,192758.3,203545.4,22.36,3124,1460,1664,291.45,1617,203545.40000000002,22.3552204545829
2024-01-19,2024,Q1,Jan,P1004,Headphones,Accessories,East,524,1056384,1072133,754277.5,214898.8,102956.8,9.6,3997,1610,2387,268.23,3695,102956.70000000001,9.602978361826379
2023-01-06,2023,Q1,Jan,P1003,Tablet,Electronics,South,651,1059828,1075181,686192.0,123816.0,265173.0,24.66,1679,744,935,640.37,864,265173.0,24.663103235641255
2023-04-14,2023,Q2,Apr,P1004,Headphones,Accessories,North,710,649650,653848,372635.5,104348.8,176863.7,27.05,262,124,138,2495.6,3823,176863.7,27.04966597741371
2021-10-25,2021,Q4,Oct,P1002,Laptop,Electronics,East,684,928872,942061,678128.4,168212.2,95720.42,10.16,1175,372,803,801.75,2159,95720.39999999997,10.160743306431321
2020-05-31,2020,Q2,May,P1001,Mobile,Electronics,South,161,331338,350250,230642.2,61662.59,57945.24,16.54,615,338,277,569.51,6738,57945.20999999999,16.543957173447534
2021-05-19,2021,Q2,May,P1005,Smartwatch,Accessories,East,746,1345038,1355733,908582.9,222183.0,224967.1,16.59,184,102,82,7368.11,1347,224967.09999999998,16.593761455979898
2020-03-17,2020,Q1,Mar,P1005,Smartwatch,Accessories,South,579,870237,878128,545950.8,128165.5,204011.7,23.23,982,556,426,894.22,2580,204011.69999999995,23.23256973926352
2023-05-22,2023,Q2,May,P1004,Headphones,Accessories,South,534,523320,530060,358230.4,51516.23,120313.4,22.7,286,129,157,1853.36,6109,120313.36999999997,22.698066256650186
2019-09-18,2019,Q3,Sep,P1002,Laptop,Electronics,North,54,81216,96508,66775.17,17186.32,12546.51,13.0,2487,1087,1400,38.8,4852,12546.510000000002,13.00048700625855
2022-05-06,2022,Q2,May,P1002,Laptop,Electronics,West,454,582028,588941,385685.7,111297.2,91958.15,15.61,1012,423,589,581.96,2982,91958.09999999999,15.614144710590702
2021-11-21,2021,Q4,Nov,P1001,Mobile,Electronics,North,619,1137722,1153314,647976.5,181133.8,324203.8,28.11,180,66,114,6407.3,4727,324203.7,28.110618617306304
2021-11-18,2021,Q4,Nov,P1003,Tablet,Electronics,North,554,952326,958953,589096.8,142572.2,227284.0,23.7,2505,925,1580,382.82,2032,227283.99999999994,23.701265859744943
2023-10-07,2023,Q4,Oct,P1002,Laptop,Electronics,West,529,788210,811937,466485.1,158610.3,186841.6,23.01,2423,675,1748,335.1,1833,186841.60000000003,23.01183466204891
2020-12-19,2020,Q4,Dec,P1004,Headphones,Accessories,North,776,782984,798436,531290.1,147039.4,120106.5,15.04,709,268,441,1126.14,2106,120106.50000000003,15.042721019593309
2021-03-05,2021,Q1,Mar,P1003,Tablet,Electronics,East,501,939876,944723,590993.0,127439.2,226290.8,23.95,1028,271,757,918.99,5246,226290.8,23.953137586361294
2019-07-18,2019,Q3,Jul,P1004,Headphones,Accessories,North,296,524512,541584,377248.8,54524.58,109810.6,20.28,588,318,270,921.06,4377,109810.62000000001,20.275824248869984
2023-02-26,2023,Q1,Feb,P1004,Headphones,Accessories,South,341,573562,597786,415080.0,76055.44,106650.6,17.84,3764,1640,2124,158.82,4137,106650.56,17.84092635157063
2022-12-23,2022,Q4,Dec,P1002,Laptop,Electronics,South,388,770180,774948,540086.9,138889.5,95971.56,12.38,2106,1101,1005,367.97,3359,95971.59999999998,12.384263202176143
2024-05-13,2024,Q2,May,P1005,Smartwatch,Accessories,North,616,1338568,1360640,815431.1,275532.7,269676.2,19.82,2789,951,1838,487.86,5475,269676.2,19.819805385700846
2023-03-19,2023,Q1,Mar,P1005,Smartwatch,Accessories,South,299,604279,617978,393501.9,62248.78,162227.3,26.25,2351,645,1706,262.86,5783,162227.31999999998,26.251309917181516
2020-02-26,2020,Q1,Feb,P1004,Headphones,Accessories,West,348,515040,523655,328595.0,60885.63,134174.4,25.62,3524,1005,2519,148.6,5321,134174.37,25.622665686377484
2021-05-30,2021,Q2,May,P1004,Headphones,Accessories,East,251,390556,402760,280645.5,82140.62,39973.91,9.92,2751,1156,1595,146.4,6361,39973.880000000005,9.924987585658956
2020-04-15,2020,Q2,Apr,P1005,Smartwatch,Accessories,West,55,63415,86929,49692.66,11238.08,25998.26,29.91,3515,1607,1908,24.73,657,25998.259999999995,29.90746471258153
2024-04-18,2024,Q2,Apr,P1005,Smartwatch,Accessories,South,114,113886,118701,75042.88,16033.81,27624.3,23.27,2379,1261,1118,49.9,787,27624.309999999998,23.27217967835149
2023-04-17,2023,Q2,Apr,P1001,Mobile,Electronics,West,203,238728,261951,180892.2,57173.04,23885.78,9.12,2899,803,2096,90.36,2198,23885.759999999987,9.118407641123717
2021-12-10,2021,Q4,Dec,P1001,Mobile,Electronics,West,255,263670,277129,182340.9,45512.4,49275.69,17.78,2827,1074,1753,98.03,1121,49275.700000000004,17.780780791616902
2023-03-05,2023,Q1,Mar,P1004,Headphones,Accessories,South,56,57848,81774,54661.09,13899.19,13213.72,16.16,1355,694,661,60.35,6661,13213.720000000003,16.15882798933647
2022-10-13,2022,Q4,Oct,P1001,Mobile,Electronics,South,743,1150164,1167343,763847.1,186105.7,217390.2,18.62,964,572,392,1210.94,3341,217390.2,18.62264989810193
2019-05-26,2019,Q2,May,P1005,Smartwatch,Accessories,East,130,183820,197251,118976.7,16471.1,61803.15,31.33,3661,1289,2372,53.88,3651,61803.200000000004,31.332261940370394
2019-02-19,2019,Q1,Feb,P1004,Headphones,Accessories,East,774,887778,901812,597148.3,125992.1,178671.7,19.81,350,156,194,2576.61,3081,178671.59999999995,19.812510811566042
2020-03-04,2020,Q1,Mar,P1004,Headphones,Accessories,East,252,385056,393854,267473.3,58919.5,67461.17,17.13,3018,1094,1924,130.5,3751,67461.20000000001,17.128479081080812
2020-02-05,2020,Q1,Feb,P1003,Tablet,Electronics,West,277,563141,576529,330447.8,78534.39,167546.8,29.06,2911,1675,1236,198.05,5066,167546.81,29.061297870532098
2024-08-10,2024,Q3,Aug,P1004,Headphones,Accessories,South,617,1326550,1337924,814923.5,264299.4,258701.2,19.34,3351,1933,1418,399.26,4653,258701.09999999998,19.336008622313372
2022-01-26,2022,Q1,Jan,P1002,Laptop,Electronics,East,383,685570,691436,416340.2,145169.9,129925.9,18.79,1442,756,686,479.5,4305,129925.9,18.7907340664935
2019-11-18,2019,Q4,Nov,P1003,Tablet,Electronics,South,537,958008,982196,706350.5,81445.45,194400.1,19.79,653,202,451,1504.13,2168,194400.05,19.7923886882048
2019-05-19,2019,Q2,May,P1004,Headphones,Accessories,South,460,773260,790442,532641.7,138120.5,119679.9,15.14,3048,1828,1220,259.33,6206,119679.80000000005,15.140870550906968
2020-10-20,2020,Q4,Oct,P1002,Laptop,Electronics,North,461,847779,865240,570030.5,112886.8,182322.7,21.07,2506,1376,1130,345.27,6358,182322.7,21.07192224122787
2021-07-13,2021,Q3,Jul,P1004,Headphones,Accessories,South,482,882060,896227,530199.1,120895.8,245132.1,27.35,1634,857,777,548.49,4571,245132.10000000003,27.35156383371624
2019-07-06,2019,Q3,Jul,P1005,Smartwatch,Accessories,North,491,548938,563996,314291.7,108012.7,141691.5,25.12,469,161,308,1202.55,4688,141691.59999999998,25.122802289377933
2019-04-17,2019,Q2,Apr,P1005,Smartwatch,Accessories,East,68,72012,89068,62445.38,12916.56,13706.06,15.39,300,127,173,296.89,6801,13706.060000000003,15.388310055238696
2021-09-10,2021,Q3,Sep,P1005,Smartwatch,Accessories,East,160,167680,171966,116744.1,23156.51,32065.43,18.65,1041,542,499,165.19,3546,32065.389999999996,18.646354511938405
2022-05-21,2022,Q2,May,P1002,Laptop,Electronics,East,385,455840,476195,306203.0,52335.56,117656.5,24.71,3053,1112,1941,155.98,4544,117656.44,24.70761767763206
2021-05-09,2021,Q2,May,P1004,Headphones,Accessories,North,382,732294,741263,521974.6,150815.3,68473.18,9.24,159,72,87,4662.03,6839,68473.10000000003,9.237355702362054
2020-01-31,2020,Q1,Jan,P1004,Headphones,Accessories,East,595,1087660,1098045,690231.6,187931.2,219882.2,20.02,2371,604,1767,463.11,2709,219882.2,20.02488058321836
2019-12-31,2019,Q4,Dec,P1003,Tablet,Electronics,North,702,1533168,1542860,899244.6,281148.3,362467.0,23.49,1234,605,629,1250.29,6108,362467.10000000003,23.493194457047302
2021-09-19,2021,Q3,Sep,P1001,Mobile,Electronics,North,357,767550,788577,486842.4,83936.26,217798.3,27.62,699,202,497,1128.15,4718,217798.33999999997,27.61915957477836
2019-11-13,2019,Q4,Nov,P1003,Tablet,Electronics,East,360,536400,542546,335870.8,95163.84,111511.3,20.55,783,409,374,692.91,4929,111511.36000000002,20.553346628672962
2019-05-16,2019,Q2,May,P1001,Mobile,Electronics,East,169,158353,182200,118305.9,17924.58,45969.53,25.23,2529,910,1619,72.04,5756,45969.520000000004,25.230252469813397
2024-06-08,2024,Q2,Jun,P1005,Smartwatch,Accessories,West,353,318406,324658,213073.2,29091.52,82493.33,25.41,3727,1357,2370,87.11,3874,82493.27999999998,25.4092860795052
2019-01-16,2019,Q1,Jan,P1005,Smartwatch,Accessories,North,419,838000,844487,486598.2,81085.87,276802.9,32.78,1086,474,612,777.61,6869,276802.93,32.77764252143609
2022-04-30,2022,Q2,Apr,P1003,Tablet,Electronics,South,334,521040,542610,328368.4,70354.91,143886.7,26.52,901,464,437,602.23,3229,143886.68999999997,26.51751534251119
2020-10-28,2020,Q4,Oct,P1001,Mobile,Electronics,West,495,1068210,1072808,599095.0,146296.0,327417.0,30.52,1653,910,743,649.01,1793,327417.0,30.519626997561538
2024-01-17,2024,Q1,Jan,P1002,Laptop,Electronics,West,156,194376,198595,124062.1,36924.19,37608.73,18.94,385,104,281,515.83,2562,37608.70999999999,18.937390165915552
2021-01-07,2021,Q1,Jan,P1005,Smartwatch,Accessories,East,47,66411,85280,58413.0,11015.63,15851.37,18.59,1090,534,556,78.24,2435,15851.37,18.587441369606005
2023-10-19,2023,Q4,Oct,P1005,Smartwatch,Accessories,South,734,1082650,1091227,706569.8,173869.9,210787.3,19.32,3270,1947,1323,333.71,1244,210787.29999999996,19.316540004966882
2019-05-06,2019,Q2,May,P1004,Headphones,Accessories,East,496,979104,983591,546868.7,137302.6,299419.8,30.44,3523,890,2633,279.19,4535,299419.70000000007,30.441484316143608
2024-09-18,2024,Q3,Sep,P1005,Smartwatch,Accessories,North,687,1374000,1379505,857566.5,302014.2,219924.3,15.94,3270,1820,1450,421.87,6822,219924.3,15.942261898289603
2022-02-04,2022,Q1,Feb,P1002,Laptop,Electronics,North,573,1123653,1131521,774382.0,112302.5,244836.5,21.64,819,274,545,1381.59,6922,244836.5,21.637822011257413
2023-05-16,2023,Q2,May,P1003,Tablet,Electronics,South,509,942159,963562,677806.1,94231.67,191524.2,19.88,3537,1567,1970,272.42,1474,191524.23000000004,19.876689823799616
2019-05-15,2019,Q2,May,P1001,Mobile,Electronics,West,632,970120,987935,701783.9,197088.6,89062.46,9.02,3934,2344,1590,251.13,3238,89062.49999999997,9.015016170092158
2019-08-02,2019,Q3,Aug,P1002,Laptop,Electronics,East,102,127500,147682,97860.29,26764.81,23056.9,15.61,1878,1007,871,78.64,4818,23056.900000000005,15.612532332985744
2024-11-21,2024,Q4,Nov,P1003,Tablet,Electronics,East,271,319238,327730,225473.5,52084.36,50172.15,15.31,2258,585,1673,145.14,1927,50172.14,15.308986055594545
2022-03-31,2022,Q1,Mar,P1005,Smartwatch,Accessories,North,690,889410,893709,565381.8,117202.0,211125.1,23.62,2406,1181,1225,371.45,4067,211125.19999999995,23.62348370666514
2020-08-07,2020,Q3,Aug,P1003,Tablet,Electronics,East,91,103103,110909,67865.73,20785.58,22257.68,20.07,2152,874,1278,51.54,917,22257.690000000002,20.068425465922516
2021-06-14,2021,Q2,Jun,P1001,Mobile,Electronics,South,701,994018,1018226,590739.2,93800.71,333686.2,32.77,2769,1030,1739,367.72,4696,333686.09,32.77131894098167
2022-02-18,2022,Q1,Feb,P1002,Laptop,Electronics,West,301,304913,323255,213665.2,45834.14,63755.67,19.72,2590,1189,1401,124.81,5809,63755.65999999999,19.723023619124216
2024-06-21,2024,Q2,Jun,P1005,Smartwatch,Accessories,North,277,486689,511678,336141.3,41137.97,134398.7,26.27,1971,606,1365,259.6,3874,134398.73,26.26627097510544
2024-01-26,2024,Q1,Jan,P1002,Laptop,Electronics,West,405,428085,441600,261364.2,69409.82,110826.0,25.1,2619,1342,1277,168.61,5539,110825.97999999998,25.096462862318837
2023-01-31,2023,Q1,Jan,P1002,Laptop,Electronics,West,560,1154160,1175024,834711.2,177464.3,162848.5,13.86,3487,889,2598,336.97,2802,162848.50000000006,13.85916372771961
2023-06-19,2023,Q2,Jun,P1005,Smartwatch,Accessories,South,122,168604,193250,120114.8,38910.42,34224.79,17.71,1668,501,1167,115.86,6743,34224.78,17.710106080206987
2024-11-20,2024,Q4,Nov,P1005,Smartwatch,Accessories,East,78,79404,89177,59836.37,16339.08,13001.56,14.58,3365,994,2371,26.5,2395,13001.549999999997,14.579487984570012
2020-06-16,2020,Q2,Jun,P1001,Mobile,Electronics,South,135,235710,255882,163238.9,44135.46,48507.63,18.96,2795,1426,1369,91.55,5742,48507.64000000001,18.95703488326651
2022-04-17,2022,Q2,Apr,P1001,Mobile,Electronics,West,455,792155,807969,547358.0,75629.7,184981.3,22.89,3814,1082,2732,211.84,1254,184981.3,22.894603629594698
2024-06-19,2024,Q2,Jun,P1005,Smartwatch,Accessories,West,266,352716,366282,213898.8,38213.5,114169.7,31.17,167,53,114,2193.31,4659,114169.70000000001,31.16989095833265
2023-06-23,2023,Q2,Jun,P1001,Mobile,Electronics,West,799,1529286,1549937,925354.0,340013.3,284569.7,18.36,3306,1020,2286,468.83,1316,284569.7,18.36008173235428
2023-06-18,2023,Q2,Jun,P1004,Headphones,Accessories,North,258,559086,577007,363422.7,49411.36,164173.0,28.45,2099,788,1311,274.9,5626,164172.94,28.452504042411963
2021-09-28,2021,Q3,Sep,P1005,Smartwatch,Accessories,South,95,126445,144515,88002.4,25871.09,30641.51,21.2,1406,565,841,102.78,4367,30641.510000000006,21.202996228765183
2023-10-10,2023,Q4,Oct,P1005,Smartwatch,Accessories,West,790,1078350,1092073,766800.7,133593.5,191678.8,17.55,3905,1994,1911,279.66,5530,191678.80000000005,17.55183032636097
2021-12-22,2021,Q4,Dec,P1001,Mobile,Electronics,West,655,1161970,1165992,800562.9,141063.5,224365.6,19.24,186,54,132,6268.77,2150,224365.59999999998,19.242464785350155
2019-07-19,2019,Q3,Jul,P1005,Smartwatch,Accessories,East,275,535975,549959,360060.0,85201.51,104697.5,19.04,462,156,306,1190.39,4939,104697.49,19.0373264188785
2024-05-15,2024,Q2,May,P1002,Laptop,Electronics,North,364,458640,472350,299071.1,45362.04,127916.9,27.08,3554,1801,1753,132.91,3532,127916.86000000002,27.08094844924315
2024-09-16,2024,Q3,Sep,P1003,Tablet,Electronics,South,694,1295004,1305771,758178.2,211224.8,336368.0,25.76,1744,963,781,748.72,5211,336368.00000000006,25.76010648115175
2023-10-27,2023,Q4,Oct,P1005,Smartwatch,Accessories,South,157,288880,300098,173939.2,50220.87,75937.98,25.3,2137,816,1321,140.43,2675,75937.93,25.30437723676932
2023-05-29,2023,Q2,May,P1001,Mobile,Electronics,East,574,824838,831548,530250.7,123092.5,178204.8,21.43,717,344,373,1159.76,3165,178204.80000000005,21.43048867894578
2024-09-23,2024,Q3,Sep,P1004,Headphones,Accessories,West,353,402420,415198,255132.8,65281.03,94784.22,22.83,182,59,123,2281.31,5177,94784.17000000001,22.82866728645129
2024-06-18,2024,Q2,Jun,P1005,Smartwatch,Accessories,North,529,849045,866964,506914.5,114947.3,245102.2,28.27,2901,1054,1847,298.85,2414,245102.2,28.27132383812938
2022-05-24,2022,Q2,May,P1001,Mobile,Electronics,North,771,724740,736630,523676.8,96041.76,116911.4,15.87,198,77,121,3720.35,1119,116911.44000000002,15.871121187027413
2022-11-18,2022,Q4,Nov,P1004,Headphones,Accessories,East,71,93578,103182,63231.21,13066.47,26884.31,26.06,321,118,203,321.44,6408,26884.32,26.055242193405824
2021-02-27,2021,Q1,Feb,P1001,Mobile,Electronics,South,301,382270,387054,262944.2,53001.09,71108.69,18.37,588,213,375,658.26,4913,71108.70999999999,18.371780165041567
2022-03-31,2022,Q1,Mar,P1001,Mobile,Electronics,South,507,493818,512824,351834.5,93821.3,67168.23,13.1,3573,1910,1663,143.53,3012,67168.2,13.097709935572437
2022-10-31,2022,Q4,Oct,P1002,Laptop,Electronics,North,477,578601,597215,393852.7,60256.15,143106.2,23.96,2647,799,1848,225.62,2397,143106.15,23.962249776043805
2024-12-31,2024,Q4,Dec,P1002,Laptop,Electronics,South,138,223422,231742,143455.0,39415.61,48871.37,21.09,2238,1073,1165,103.55,6636,48871.39,21.088706406262137
2022-08-08,2022,Q3,Aug,P1004,Headphones,Accessories,North,782,1343476,1352869,937508.5,223773.5,191586.9,14.16,1698,474,1224,796.74,3239,191587.0,14.161533747909072
2023-11-30,2023,Q4,Nov,P1005,Smartwatch,Accessories,North,277,492229,498619,286428.3,85841.03,126349.7,25.34,3779,2022,1757,131.94,5927,126349.67000000001,25.339922866958542
2022-08-06,2022,Q3,Aug,P1005,Smartwatch,Accessories,West,567,1025136,1034366,603289.3,219185.4,211891.2,20.49,1264,510,754,818.33,772,211891.29999999996,20.48513775588138
2022-02-28,2022,Q1,Feb,P1001,Mobile,Electronics,South,616,1022560,1030274,730455.8,121458.3,178359.8,17.31,3396,1836,1560,303.38,3161,178359.89999999997,17.31188984677862
2020-11-08,2020,Q4,Nov,P1005,Smartwatch,Accessories,South,244,388204,399047,221542.1,44781.49,132723.4,33.26,816,253,563,489.03,6827,132723.41,33.26009467556453
2023-05-29,2023,Q2,May,P1004,Headphones,Accessories,West,51,83283,100112,68098.64,11408.43,20604.93,20.58,3234,906,2328,30.96,6566,20604.93,20.581878296308133
2024-08-28,2024,Q3,Aug,P1005,Smartwatch,Accessories,West,398,368946,380823,246007.4,48039.9,86775.65,22.79,948,255,693,401.71,3656,86775.70000000001,22.78636006753794
2022-02-27,2022,Q1,Feb,P1001,Mobile,Electronics,East,153,141678,154492,109618.5,32948.07,11925.47,7.72,1896,1066,830,81.48,6322,11925.43,7.7191246148667885
2023-02-19,2023,Q1,Feb,P1004,Headphones,Accessories,South,351,336960,349183,213262.1,74417.45,61503.41,17.61,3676,1888,1788,94.99,5424,61503.45,17.613529295526988
2024-01-14,2024,Q1,Jan,P1005,Smartwatch,Accessories,East,534,756144,764963,438217.3,153777.7,172968.0,22.61,2707,1564,1143,282.59,5773,172968.0,22.611289696364402
2021-11-21,2021,Q4,Nov,P1004,Headphones,Accessories,North,108,170424,188316,114729.4,23412.68,50173.91,26.64,2704,1337,1367,69.64,1124,50173.920000000006,26.643471611546556
2020-01-10,2020,Q1,Jan,P1003,Tablet,Electronics,West,635,950595,967694,630520.3,99344.46,237829.2,24.58,3510,1981,1529,275.7,2433,237829.23999999993,24.576905509386222
2019-12-29,2019,Q4,Dec,P1005,Smartwatch,Accessories,East,592,1281088,1298255,808141.0,281454.1,208659.9,16.07,598,318,280,2170.99,718,208659.90000000002,16.07233555811455
2020-12-16,2020,Q4,Dec,P1004,Headphones,Accessories,North,474,971700,981878,637900.5,89631.26,254346.2,25.9,3961,1221,2740,247.89,5454,254346.24,25.904057326877677
2019-07-19,2019,Q3,Jul,P1001,Mobile,Electronics,West,282,551592,570381,324579.8,54622.78,191178.4,33.52,2659,1400,1259,214.51,577,191178.42,33.51766976810238
2022-01-10,2022,Q1,Jan,P1002,Laptop,Electronics,South,671,627385,635827,421151.5,138105.6,76569.91,12.04,1779,490,1289,357.41,5723,76569.9,12.042568182854769
2023-04-21,2023,Q2,Apr,P1004,Headphones,Accessories,East,280,614600,638603,367612.5,98741.27,172249.2,26.97,395,146,249,1616.72,1544,172249.22999999998,26.972818793522734
2020-11-26,2020,Q4,Nov,P1002,Laptop,Electronics,West,77,158004,171030,106767.9,20156.22,44105.92,25.79,270,92,178,633.44,3140,44105.880000000005,25.788388002104895
2022-10-19,2022,Q4,Oct,P1003,Tablet,Electronics,West,604,1088408,1093077,730993.7,162364.0,199719.3,18.27,1293,546,747,845.38,4743,199719.30000000005,18.271292873237662
2023-12-22,2023,Q4,Dec,P1003,Tablet,Electronics,East,319,601634,611897,409868.6,116674.8,85353.64,13.95,786,272,514,778.49,5865,85353.60000000002,13.949014294889503
2019-11-18,2019,Q4,Nov,P1003,Tablet,Electronics,West,361,620559,637852,415062.8,90843.07,131946.1,20.69,885,497,388,720.74,1481,131946.13,20.686010234349034
2020-03-29,2020,Q1,Mar,P1002,Laptop,Electronics,South,556,847900,866823,564467.9,147695.6,154659.5,17.84,2169,718,1451,399.64,2906,154659.49999999997,17.84210848120089
2023-12-25,2023,Q4,Dec,P1001,Mobile,Electronics,South,605,931700,944336,620379.1,195336.7,128620.2,13.62,2375,1269,1106,397.62,3856,128620.20000000001,13.620173328137444
2022-10-16,2022,Q4,Oct,P1004,Headphones,Accessories,South,396,769428,777973,449982.1,166840.4,161150.5,20.71,1489,689,800,522.48,2271,161150.50000000003,20.714150748162215
2021-12-21,2021,Q4,Dec,P1001,Mobile,Electronics,North,283,371862,394588,263309.5,41411.86,89866.6,22.77,1388,397,991,284.29,1752,89866.64,22.7748030857502
2021-03-06,2021,Q1,Mar,P1002,Laptop,Electronics,West,705,755760,764382,469212.8,62695.77,232473.5,30.41,866,300,566,882.66,1656,232473.43000000002,30.41325279768493
2022-08-26,2022,Q3,Aug,P1002,Laptop,Electronics,West,103,206309,228929,146905.7,24827.64,57195.69,24.98,662,221,441,345.81,697,57195.65999999999,24.98401687859554
2020-02-01,2020,Q1,Feb,P1002,Laptop,Electronics,West,73,119939,126561,89495.33,11256.32,25809.36,20.39,3460,1145,2315,36.58,1433,25809.35,20.39281453212285
2019-06-29,2019,Q2,Jun,P1005,Smartwatch,Accessories,North,646,760988,765081,433373.9,97170.53,234536.6,30.66,2166,741,1425,353.22,3837,234536.56999999998,30.655129326175917
2022-10-14,2022,Q4,Oct,P1005,Smartwatch,Accessories,South,158,316474,328951,222775.7,60173.99,46001.31,13.98,458,248,210,718.23,6714,46001.30999999999,13.98424385394785
2020-07-08,2020,Q3,Jul,P1001,Mobile,Electronics,West,90,104310,117340,81816.6,23908.99,11614.41,9.9,3334,1024,2310,35.19,2280,11614.409999999993,9.89808249531276
2020-10-17,2020,Q4,Oct,P1003,Tablet,Electronics,East,130,213460,227445,163055.0,43158.16,21231.89,9.33,350,121,229,649.84,3524,21231.839999999997,9.334933720240056
2021-03-01,2021,Q1,Mar,P1004,Headphones,Accessories,West,684,1370052,1374586,985229.5,287568.6,101787.9,7.4,3270,1108,2162,420.36,6660,101787.90000000002,7.404985937584117
2022-01-19,2022,Q1,Jan,P1001,Mobile,Electronics,East,557,612143,618939,349858.8,95576.73,173503.5,28.03,1077,361,716,574.69,5280,173503.47000000003,28.03240222380558
2023-08-29,2023,Q3,Aug,P1003,Tablet,Electronics,West,507,755430,761104,440567.5,136147.6,184388.9,24.23,1554,725,829,489.77,5526,184388.9,24.226505181946226
2023-06-10,2023,Q2,Jun,P1004,Headphones,Accessories,South,599,1192609,1211694,729101.4,247210.5,235382.1,19.43,3724,1720,2004,325.37,6372,235382.09999999998,19.425869897845494
2023-05-27,2023,Q2,May,P1001,Mobile,Electronics,South,192,360576,378743,240803.4,54292.53,83647.11,22.09,2637,958,1679,143.63,2785,83647.07,22.08544316330599
2021-12-21,2021,Q4,Dec,P1003,Tablet,Electronics,South,610,891820,907701,644805.6,118867.9,144027.5,15.87,518,297,221,1752.32,3929,144027.50000000003,15.867284491258687
2022-11-25,2022,Q4,Nov,P1002,Laptop,Electronics,East,193,413599,425418,251558.9,67365.14,106494.0,25.03,1599,525,1074,266.05,4853,106493.96,25.032781875708128
2020-06-02,2020,Q2,Jun,P1003,Tablet,Electronics,South,582,1144212,1166490,826926.4,154449.4,185114.2,15.87,3921,2282,1639,297.5,5272,185114.19999999998,15.869334499224166
2020-12-29,2020,Q4,Dec,P1005,Smartwatch,Accessories,South,670,1051900,1067916,749507.2,97948.84,220459.9,20.64,2278,618,1660,468.8,3738,220459.96000000005,20.643942032893978
2020-01-22,2020,Q1,Jan,P1002,Laptop,Electronics,East,322,662032,673991,431898.6,107769.1,134323.3,19.93,2076,1183,893,324.66,3649,134323.30000000002,19.929539118474878
2019-08-17,2019,Q3,Aug,P1001,Mobile,Electronics,South,232,489984,497288,275581.7,55207.32,166499.0,33.48,3408,1419,1989,145.92,1425,166498.97999999998,33.48139910876594
2023-05-23,2023,Q2,May,P1002,Laptop,Electronics,West,538,1117964,1131305,749997.7,192826.3,188481.0,16.66,328,137,191,3449.1,4463,188481.00000000006,16.66049385444244
2022-02-24,2022,Q1,Feb,P1005,Smartwatch,Accessories,North,355,414640,421929,243699.4,70774.07,107455.5,25.47,1180,320,860,357.57,2562,107455.53,25.467680581330033
2022-04-15,2022,Q2,Apr,P1001,Mobile,Electronics,East,644,1170792,1184520,786606.3,171697.5,226216.2,19.1,2095,699,1396,565.4,1232,226216.19999999995,19.097710464998478
2021-05-16,2021,Q2,May,P1005,Smartwatch,Accessories,North,704,755392,763537,473663.9,153883.7,135989.5,17.81,953,326,627,801.19,1964,135989.39999999997,17.81045319349291
2019-03-12,2019,Q1,Mar,P1001,Mobile,Electronics,West,249,407613,416008,277478.7,85242.86,53286.4,12.81,2655,1128,1527,156.69,6588,53286.43999999999,12.808994057806578
2020-09-17,2020,Q3,Sep,P1003,Tablet,Electronics,East,439,769567,783970,446026.8,77798.82,260144.4,33.18,2492,683,1809,314.59,4172,260144.38,33.182950878222385
2023-09-04,2023,Q3,Sep,P1002,Laptop,Electronics,East,54,99198,110872,61023.28,21308.58,28540.14,25.74,175,68,107,633.55,6738,28540.14,25.741521754816365
2019-06-24,2019,Q2,Jun,P1005,Smartwatch,Accessories,West,346,460872,478028,334738.7,104984.7,38304.59,8.01,3186,1718,1468,150.04,6080,38304.59999999999,8.013045260947056
2023-06-14,2023,Q2,Jun,P1001,Mobile,Electronics,North,737,1556544,1573786,1085451.0,154885.1,333450.1,21.19,1975,1051,924,796.85,2115,333449.9,21.187753608177985
2020-02-15,2020,Q1,Feb,P1001,Mobile,Electronics,North,431,619778,633459,359510.4,110885.4,163063.2,25.74,1911,532,1379,331.48,666,163063.19999999998,25.741713354771186
2024-09-04,2024,Q3,Sep,P1002,Laptop,Electronics,North,501,524046,533857,312308.6,58198.48,163350.0,30.6,3066,1355,1711,174.12,3481,163349.92,30.598066523432305
2019-03-10,2019,Q1,Mar,P1002,Laptop,Electronics,North,329,600096,608508,356922.0,111026.1,140559.9,23.1,3044,1047,1997,199.9,883,140559.9,23.09910469541896
2024-07-12,2024,Q3,Jul,P1003,Tablet,Electronics,East,126,250992,267645,150068.3,42655.32,74921.43,27.99,1458,578,880,183.57,4732,74921.38,27.992818845859258
2019-03-14,2019,Q1,Mar,P1001,Mobile,Electronics,West,256,511744,520407,288726.1,82108.68,149572.3,28.74,2286,763,1523,227.65,2556,149572.22000000003,28.741392794485858
2021-12-07,2021,Q4,Dec,P1004,Headphones,Accessories,West,455,904995,928587,586212.7,151875.7,190498.6,20.51,3871,1798,2073,239.88,6957,190498.60000000003,20.514889827232132
2019-06-09,2019,Q2,Jun,P1005,Smartwatch,Accessories,South,497,747488,760003,442217.2,158769.0,159016.8,20.92,1984,752,1232,383.07,2512,159016.8,20.9231805663925
2020-03-11,2020,Q1,Mar,P1004,Headphones,Accessories,North,784,1136016,1144473,669564.0,215664.8,259244.2,22.65,2646,1525,1121,432.53,1167,259244.2,22.651840628830914
2020-08-23,2020,Q3,Aug,P1002,Laptop,Electronics,West,178,275188,294188,204770.5,35768.51,53648.96,18.24,1783,725,1058,165.0,4673,53648.99,18.236294478360776
2023-05-25,2023,Q2,May,P1003,Tablet,Electronics,South,368,494592,515337,366812.0,92697.36,55827.65,10.83,3129,1860,1269,164.7,5600,55827.64,10.833229517771866
2021-06-21,2021,Q2,Jun,P1002,Laptop,Electronics,North,169,331409,351225,203044.2,75558.72,72622.13,20.68,2684,778,1906,130.86,5665,72622.07999999999,20.676796925048045
2019-12-22,2019,Q4,Dec,P1003,Tablet,Electronics,South,131,140694,153924,96436.44,24862.52,32625.05,21.2,1744,532,1212,88.26,5026,32625.039999999997,21.195551051168106
2020-07-31,2020,Q3,Jul,P1002,Laptop,Electronics,West,597,548643,558222,314883.3,64918.32,178420.4,31.96,1678,852,826,332.67,3153,178420.38,31.962262325741374
2024-02-14,2024,Q1,Feb,P1002,Laptop,Electronics,West,538,837128,860078,601678.5,120799.3,137600.3,16.0,1780,613,1167,483.19,2221,137600.2,15.998572222519355
2019-08-11,2019,Q3,Aug,P1005,Smartwatch,Accessories,West,68,91800,109873,64344.72,20029.72,25498.57,23.21,3116,1631,1485,35.26,4123,25498.559999999998,23.207302977073528
2023-09-15,2023,Q3,Sep,P1003,Tablet,Electronics,West,716,1390472,1407274,800515.5,272087.4,334671.2,23.78,3960,1452,2508,355.37,1166,334671.1,23.781516605863533
2022-06-16,2022,Q2,Jun,P1005,Smartwatch,Accessories,South,289,316744,325001,226634.9,48371.48,49994.63,15.38,3051,1809,1242,106.52,4686,49994.62,15.38291266796102
2020-11-17,2020,Q4,Nov,P1001,Mobile,Electronics,North,502,634026,658306,464259.0,142799.3,51247.79,7.78,2043,620,1423,322.23,857,51247.70000000001,7.784783975841024
2019-12-12,2019,Q4,Dec,P1001,Mobile,Electronics,East,154,151536,172800,108126.3,35714.45,28959.25,16.76,1478,818,660,116.91,482,28959.25,16.75882523148148
2023-09-10,2023,Q3,Sep,P1003,Tablet,Electronics,North,266,344470,366734,236795.9,35829.88,94108.22,25.66,1127,579,548,325.41,5076,94108.22,25.661165858633233
2020-09-01,2020,Q3,Sep,P1004,Headphones,Accessories,South,108,216540,235295,137319.8,47371.45,50603.78,21.51,875,522,353,268.91,4156,50603.750000000015,21.50651310057588
2022-12-08,2022,Q4,Dec,P1004,Headphones,Accessories,North,173,370912,377920,269245.1,55346.55,53328.31,14.11,1022,258,764,369.78,2002,53328.35000000002,14.11101555884844
2021-11-21,2021,Q4,Nov,P1001,Mobile,Electronics,East,441,577710,598787,416242.1,66851.91,115693.0,19.32,469,241,228,1276.73,5202,115692.99000000002,19.321226078722486
2022-08-25,2022,Q3,Aug,P1005,Smartwatch,Accessories,West,304,656336,676768,439698.1,101826.3,135243.6,19.98,2847,1287,1560,237.71,4492,135243.60000000003,19.983746276419694
2019-02-28,2019,Q1,Feb,P1005,Smartwatch,Accessories,North,102,174624,191462,114170.9,36077.6,41213.54,21.53,1377,673,704,139.04,3225,41213.50000000001,21.525681336244272
2020-05-15,2020,Q2,May,P1005,Smartwatch,Accessories,East,351,645840,668798,457406.3,131037.2,80354.49,12.01,173,55,118,3865.88,4712,80354.50000000001,12.014763800130982
2022-04-01,2022,Q2,Apr,P1004,Headphones,Accessories,North,361,462080,474234,309454.8,46946.92,117832.3,24.85,198,111,87,2395.12,6561,117832.28000000001,24.84686462801065
2019-12-21,2019,Q4,Dec,P1001,Mobile,Electronics,North,255,472260,489201,281261.3,54713.4,153226.3,31.32,1377,730,647,355.27,2152,153226.30000000002,31.32174709373039
2023-09-04,2023,Q3,Sep,P1005,Smartwatch,Accessories,West,365,410260,416454,281220.1,81982.4,53251.53,12.79,2242,1233,1009,185.75,3063,53251.50000000003,12.786886426832261
2020-05-06,2020,Q2,May,P1003,Tablet,Electronics,South,46,46690,57423,32009.04,7844.85,17569.11,30.6,2276,748,1528,25.23,6645,17569.11,30.595945875346114
2020-12-09,2020,Q4,Dec,P1005,Smartwatch,Accessories,North,433,589746,604237,422488.0,104788.4,76960.61,12.74,3551,1588,1963,170.16,4494,76960.6,12.736823464964909
2022-09-15,2022,Q3,Sep,P1004,Headphones,Accessories,East,394,593758,602427,391427.8,100018.7,110980.5,18.42,1110,563,547,542.73,616,110980.50000000001,18.422232071271708
2022-05-21,2022,Q2,May,P1003,Tablet,Electronics,East,326,332194,343351,239235.9,48921.44,55193.66,16.07,662,359,303,518.66,3284,55193.66,16.07499614097527
2022-03-10,2022,Q1,Mar,P1005,Smartwatch,Accessories,East,324,335664,347672,210025.2,63352.66,74294.11,21.37,2575,1537,1038,135.02,1816,74294.13999999998,21.369031731056854
2019-05-11,2019,Q2,May,P1002,Laptop,Electronics,West,428,675384,698962,414149.0,106129.0,178684.0,25.56,3586,1325,2261,194.91,3922,178684.0,25.564193761606496
2022-10-15,2022,Q4,Oct,P1005,Smartwatch,Accessories,South,123,221892,228301,134234.2,25997.62,68069.19,29.82,1315,772,543,173.61,5076,68069.18,29.81554176284817
2022-05-17,2022,Q2,May,P1004,Headphones,Accessories,East,383,762936,786266,524272.4,97508.1,164485.5,20.92,2528,1472,1056,311.02,2018,164485.49999999997,20.919828658494705
2020-12-19,2020,Q4,Dec,P1004,Headphones,Accessories,West,187,211310,221740,150554.2,18679.4,52506.42,23.68,3686,1722,1964,60.16,5273,52506.39999999999,23.679264002886256
2022-03-21,2022,Q1,Mar,P1002,Laptop,Electronics,South,675,1103625,1127156,709478.5,197992.1,219685.4,19.49,435,220,215,2591.16,5040,219685.4,19.49023915057011
2023-03-25,2023,Q1,Mar,P1004,Headphones,Accessories,East,189,232659,238451,158060.8,48998.1,31392.09,13.17,675,264,411,353.26,3707,31392.100000000013,13.16501084080168
2022-02-03,2022,Q1,Feb,P1003,Tablet,Electronics,West,680,858840,868484,606265.7,96251.07,165967.2,19.11,162,65,97,5361.01,3717,165967.23000000004,19.109992815066256
2019-08-26,2019,Q3,Aug,P1003,Tablet,Electronics,East,422,410184,424171,285807.6,43833.05,94530.33,22.29,2099,842,1257,202.08,6945,94530.35000000002,22.285905920018113
2022-03-20,2022,Q1,Mar,P1002,Laptop,Electronics,South,621,562626,584688,402700.0,125304.2,56683.78,9.69,1057,296,761,553.16,3703,56683.8,9.694708972990723
2022-01-10,2022,Q1,Jan,P1002,Laptop,Electronics,East,495,879615,890087,601432.7,133432.7,155221.6,17.44,621,345,276,1433.31,1255,155221.60000000003,17.43892450962659
2019-04-21,2019,Q2,Apr,P1001,Mobile,Electronics,South,796,1482948,1493918,1003222.0,289831.6,200864.6,13.45,2930,1390,1540,509.87,4629,200864.40000000002,13.445476927113805
2020-06-15,2020,Q2,Jun,P1003,Tablet,Electronics,East,660,715440,734351,474614.5,76227.94,183508.6,24.99,2739,1422,1317,268.11,6744,183508.56,24.9892163284315
2020-09-21,2020,Q3,Sep,P1005,Smartwatch,Accessories,South,769,1547228,1570747,995605.6,193507.4,381634.0,24.3,3990,1185,2805,393.67,5148,381634.0,24.296337984411238
2022-04-10,2022,Q2,Apr,P1001,Mobile,Electronics,East,61,117974,138888,83888.89,30314.18,24684.93,17.77,2340,1089,1251,59.35,1605,24684.93,17.773263348885433
2023-09-14,2023,Q3,Sep,P1005,Smartwatch,Accessories,East,271,456364,464107,324933.4,74356.47,64817.1,13.97,228,85,143,2035.56,5194,64817.129999999976,13.96598844662976
2020-02-17,2020,Q1,Feb,P1001,Mobile,Electronics,South,723,1558788,1564501,1018639.0,213259.9,332602.6,21.26,2433,851,1582,643.03,5643,332602.1,21.259308878677608
2021-10-15,2021,Q4,Oct,P1003,Tablet,Electronics,East,628,576504,597972,380507.3,73477.2,143987.5,24.08,351,148,203,1703.62,2360,143987.5,24.079304716608803
2022-07-12,2022,Q3,Jul,P1002,Laptop,Electronics,East,199,309445,317626,208438.3,64655.83,44531.89,14.02,1350,422,928,235.28,3109,44531.87000000001,14.02022189619238
2022-11-21,2022,Q4,Nov,P1002,Laptop,Electronics,South,413,430346,444201,282324.5,55466.7,106409.8,23.96,1472,727,745,301.77,2920,106409.8,23.955326530106866
2024-07-10,2024,Q3,Jul,P1003,Tablet,Electronics,North,720,1336320,1341299,809023.8,222917.9,309357.3,23.06,1390,793,597,964.96,6906,309357.29999999993,23.064007354064973
2020-02-21,2020,Q1,Feb,P1005,Smartwatch,Accessories,North,137,233722,254263,170788.8,52531.7,30942.48,12.17,2511,793,1718,101.26,1127,30942.500000000015,12.169485925990024
2024-05-14,2024,Q2,May,P1001,Mobile,Electronics,West,566,1130868,1153416,734642.5,151971.8,266801.8,23.13,2068,903,1165,557.74,4634,266801.7,23.13143739986267
2023-12-15,2023,Q4,Dec,P1003,Tablet,Electronics,West,268,277380,301217,185125.1,26436.18,89655.72,29.76,1771,895,876,170.08,2284,89655.72,29.764495363807487
2019-04-14,2019,Q2,Apr,P1001,Mobile,Electronics,East,325,383175,396195,261863.7,77482.03,56849.27,14.35,3122,802,2320,126.9,5042,56849.26999999999,14.348810560456338
2020-03-27,2019,Q4,Dec,P1005,Smartwatch,Accessories,West,425,396525,411524,272822.7,56338.91,82362.39,20.01,2180,792,1388,188.77,2018,82362.38999999998,20.013994323538842
2023-12-12,2023,Q4,Dec,P1004,Headphones,Accessories,East,258,261870,284360,190393.2,47600.3,46366.53,16.31,3297,1102,2195,86.25,2902,46366.499999999985,16.305563370375577
2024-10-10,2024,Q4,Oct,P1004,Headphones,Accessories,South,739,990999,1005201,686236.9,133750.5,185213.6,18.43,1083,368,715,928.16,5070,185213.59999999998,18.42552882458334
2019-10-14,2019,Q4,Oct,P1003,Tablet,Electronics,South,118,193402,210603,129577.5,42131.78,38893.74,18.47,3990,1596,2394,52.78,5117,38893.72,18.46779010745336
2020-01-17,2020,Q1,Jan,P1003,Tablet,Electronics,West,56,73136,87143,48132.03,8811.29,30199.68,34.66,2580,757,1823,33.78,2024,30199.68,34.65531367981364
2022-10-21,2022,Q4,Oct,P1001,Mobile,Electronics,East,536,748792,763509,486399.5,127622.5,149487.0,19.58,2186,1168,1018,349.27,6803,149487.0,19.57894405959851
2024-03-22,2024,Q1,Mar,P1004,Headphones,Accessories,South,272,328304,342732,235295.7,44411.88,63024.42,18.39,2885,938,1947,118.8,319,63024.41999999999,18.388834424564966
2024-02-13,2024,Q1,Feb,P1002,Laptop,Electronics,East,358,465400,478418,312787.4,78251.56,87379.05,18.26,1888,764,1124,253.4,4424,87379.03999999998,18.26416230158564
2024-11-03,2024,Q4,Nov,P1004,Headphones,Accessories,East,164,345712,358331,201821.2,36905.38,119604.5,33.38,296,158,138,1210.58,3402,119604.41999999998,33.37819502080478
2020-07-19,2020,Q3,Jul,P1003,Tablet,Electronics,North,504,927864,950864,567263.7,123299.6,260300.6,27.38,575,317,258,1653.68,874,260300.70000000004,27.375176681418168
2022-11-27,2022,Q4,Nov,P1005,Smartwatch,Accessories,West,630,1224090,1243111,876653.0,186994.4,179463.6,14.44,338,142,196,3677.84,3619,179463.6,14.436651272492965
2020-09-11,2020,Q3,Sep,P1002,Laptop,Electronics,North,439,479388,488872,295940.0,90481.22,102450.8,20.96,964,414,550,507.13,2496,102450.78,20.956565317710975
2024-12-27,2024,Q4,Dec,P1001,Mobile,Electronics,West,125,146750,164419,117301.0,23106.45,24011.58,14.6,3047,1739,1308,53.96,6035,24011.55,14.603877897323303
2022-03-18,2022,Q1,Mar,P1001,Mobile,Electronics,East,85,160905,178579,123083.7,27446.16,28049.13,15.71,3504,1784,1720,50.96,1040,28049.140000000003,15.706852429456994
2019-06-28,2019,Q2,Jun,P1002,Laptop,Electronics,South,512,845824,859717,494918.1,173579.3,191219.7,22.24,1029,368,661,835.49,4343,191219.60000000003,22.242156430546334
2022-12-19,2022,Q4,Dec,P1003,Tablet,Electronics,East,85,125715,136059,87078.96,14373.19,34606.85,25.44,3669,1764,1905,37.08,2455,34606.84999999999,25.435178856231484
2023-07-12,2023,Q3,Jul,P1001,Mobile,Electronics,South,503,689110,710681,413241.7,75517.1,221922.2,31.23,3704,1011,2693,191.87,4637,221922.19999999998,31.226696647300262
2023-01-14,2023,Q1,Jan,P1002,Laptop,Electronics,South,62,96596,101213,56123.29,10052.44,35037.27,34.62,2079,739,1340,48.68,6420,35037.27,34.61736140614347
2019-03-01,2019,Q1,Mar,P1003,Tablet,Electronics,West,169,349492,362447,251534.4,49757.83,61154.74,16.87,738,243,495,491.12,6876,61154.770000000004,16.87274829147434
2021-03-05,2021,Q1,Mar,P1005,Smartwatch,Accessories,East,703,947644,953358,571941.4,87558.89,293857.7,30.82,3730,1548,2182,255.59,4327,293857.70999999996,30.823437785176182
2019-07-24,2019,Q3,Jul,P1001,Mobile,Electronics,East,77,109802,132909,78237.59,14620.91,40050.51,30.13,2461,634,1827,54.01,4830,40050.5,30.133775741296674
2022-08-31,2022,Q3,Aug,P1002,Laptop,Electronics,East,766,1482210,1496866,907122.2,327358.1,262385.8,17.53,2155,978,1177,694.6,2187,262385.70000000007,17.529003932215716
2024-11-13,2024,Q4,Nov,P1004,Headphones,Accessories,South,755,940730,948461,589900.6,177718.3,180842.1,19.07,3395,1368,2027,279.37,2912,180842.10000000003,19.066898902537904
2024-05-07,2024,Q2,May,P1002,Laptop,Electronics,North,226,332220,351976,194359.1,40872.97,116744.0,33.17,2321,1374,947,151.65,6041,116743.93,33.16815066936382
2024-07-06,2024,Q3,Jul,P1002,Laptop,Electronics,East,390,491010,507830,287052.9,49594.47,171182.6,33.71,2847,1003,1844,178.37,3065,171182.62999999998,33.70864856349565
2021-10-13,2021,Q4,Oct,P1003,Tablet,Electronics,West,690,1012920,1022079,647559.8,125937.8,248581.5,24.32,784,265,519,1303.67,1951,248581.39999999997,24.321153257233536
2023-04-16,2023,Q2,Apr,P1005,Smartwatch,Accessories,West,753,1332810,1340937,834509.0,250763.2,255664.8,19.07,3275,1729,1546,409.45,1757,255664.8,19.066130623586343
2019-01-20,2019,Q1,Jan,P1005,Smartwatch,Accessories,East,227,419042,436518,288732.2,59864.81,87921.02,20.14,2829,816,2013,154.3,4242,87920.98999999999,20.14143517563995
2021-01-17,2021,Q1,Jan,P1003,Tablet,Electronics,East,535,670355,683552,410372.4,136615.4,136564.1,19.98,1985,980,1005,344.36,5552,136564.19999999998,19.978611722297643
2019-01-14,2019,Q1,Jan,P1001,Mobile,Electronics,East,450,602550,610311,379834.6,73359.38,157117.1,25.74,2198,801,1397,277.67,3500,157117.02000000002,25.74376342553223
